구,동,전체세대,1인세대,2인세대,3인세대,4인세대,5인세대,6인세대,7인세대,8인세대,9인세대,10인이상세대
강남구,개포동,35453.0,9452.0,8656.0,8436.0,7097.0,1411.0,298.0,69.0,23.0,8.0,3.0
강남구,논현동,24677.0,15808.0,4321.0,2452.0,1562.0,370.0,112.0,30.0,13.0,7.0,2.0
강남구,대치동,30168.0,8382.0,5352.0,6796.0,7715.0,1505.0,312.0,72.0,21.0,12.0,1.0
강남구,도곡동,19655.0,4770.0,4115.0,4860.0,4701.0,917.0,218.0,51.0,14.0,5.0,4.0
강남구,삼성동,19022.0,8026.0,3702.0,3396.0,3023.0,627.0,172.0,54.0,16.0,4.0,2.0
강남구,세곡동,5506.0,1409.0,1541.0,1179.0,977.0,308.0,67.0,18.0,5.0,2.0,0.0
강남구,수서동,10599.0,4802.0,2819.0,1609.0,1072.0,239.0,43.0,10.0,3.0,0.0,2.0
강남구,신사동,5627.0,3123.0,1063.0,683.0,548.0,148.0,47.0,8.0,2.0,3.0,2.0
강남구,압구정동,11006.0,2081.0,2939.0,2830.0,2372.0,563.0,156.0,33.0,20.0,8.0,4.0
강남구,역삼동,39460.0,24270.0,5699.0,4551.0,3965.0,740.0,163.0,46.0,18.0,4.0,4.0
강남구,율현동,1669.0,592.0,434.0,344.0,216.0,61.0,18.0,3.0,1.0,0.0,0.0
강남구,일원동,18557.0,5037.0,4323.0,4171.0,3994.0,824.0,162.0,29.0,13.0,4.0,0.0
강남구,자곡동,13147.0,5847.0,2700.0,2086.0,1852.0,524.0,108.0,23.0,6.0,0.0,1.0
강남구,청담동,10548.0,4173.0,2247.0,1973.0,1602.0,386.0,115.0,42.0,6.0,0.0,4.0
강동구,강일동,13810.0,3771.0,3695.0,2946.0,2544.0,721.0,113.0,15.0,3.0,2.0,0.0
강동구,고덕동,17896.0,3829.0,3892.0,4592.0,4565.0,824.0,147.0,30.0,9.0,4.0,4.0
강동구,길동,23493.0,10844.0,5545.0,3803.0,2552.0,565.0,129.0,43.0,9.0,1.0,2.0
강동구,둔촌동,15038.0,4571.0,4155.0,3243.0,2526.0,432.0,85.0,21.0,3.0,1.0,1.0
강동구,명일동,16394.0,4450.0,3941.0,3750.0,3420.0,661.0,129.0,26.0,9.0,5.0,3.0
강동구,상일동,18898.0,3752.0,4176.0,4800.0,4911.0,1032.0,179.0,33.0,7.0,4.0,4.0
강동구,성내동,32563.0,15474.0,7585.0,5196.0,3385.0,694.0,163.0,49.0,12.0,4.0,1.0
강동구,암사동,28385.0,10011.0,7213.0,5722.0,4327.0,858.0,184.0,50.0,13.0,4.0,3.0
강동구,천호동,46108.0,23974.0,10777.0,6430.0,3855.0,802.0,195.0,48.0,20.0,5.0,2.0
강북구,미아동,60812.0,26900.0,14645.0,10111.0,7200.0,1539.0,315.0,69.0,24.0,4.0,5.0
강북구,번동,24702.0,12152.0,6417.0,3470.0,2060.0,474.0,105.0,16.0,3.0,1.0,4.0
강북구,수유동,52248.0,25781.0,12867.0,7678.0,4508.0,1070.0,268.0,47.0,14.0,5.0,10.0
강북구,우이동,5301.0,2385.0,1431.0,817.0,511.0,119.0,29.0,7.0,2.0,0.0,0.0
강서구,가양동,22269.0,11008.0,5832.0,3179.0,1751.0,370.0,90.0,32.0,4.0,2.0,1.0
강서구,개화동,789.0,383.0,213.0,88.0,78.0,19.0,5.0,2.0,0.0,0.0,1.0
강서구,공항동,9979.0,5796.0,2161.0,1155.0,658.0,150.0,44.0,13.0,2.0,0.0,0.0
강서구,과해동,0.0,0.0,0.0,0.0,0.0,0.0,0.0,0.0,0.0,0.0,0.0
강서구,내발산동,17154.0,4344.0,4166.0,3978.0,3770.0,732.0,128.0,29.0,6.0,1.0,0.0
강서구,등촌동,38534.0,19590.0,8747.0,5508.0,3715.0,750.0,160.0,41.0,18.0,3.0,2.0
강서구,마곡동,28873.0,14026.0,4841.0,4448.0,4273.0,1056.0,181.0,38.0,7.0,2.0,1.0
강서구,방화동,31300.0,15036.0,7698.0,4678.0,2999.0,669.0,180.0,21.0,18.0,0.0,1.0
강서구,염창동,16650.0,5108.0,3569.0,3865.0,3427.0,559.0,93.0,24.0,4.0,1.0,0.0
강서구,오곡동,8.0,6.0,2.0,0.0,0.0,0.0,0.0,0.0,0.0,0.0,0.0
강서구,오쇠동,16.0,16.0,0.0,0.0,0.0,0.0,0.0,0.0,0.0,0.0,0.0
강서구,외발산동,518.0,274.0,126.0,71.0,36.0,8.0,1.0,2.0,0.0,0.0,0.0
강서구,화곡동,107821.0,51353.0,25927.0,16409.0,10962.0,2458.0,504.0,146.0,39.0,17.0,6.0
관악구,남현동,9910.0,5807.0,1954.0,1162.0,765.0,159.0,44.0,14.0,3.0,1.0,1.0
관악구,봉천동,127594.0,77901.0,23343.0,13866.0,9730.0,2126.0,462.0,120.0,28.0,15.0,3.0
관악구,신림동,148459.0,96718.0,26268.0,14063.0,8776.0,2025.0,472.0,95.0,31.0,6.0,5.0
광진구,광장동,11863.0,2345.0,2130.0,3287.0,3399.0,548.0,106.0,35.0,12.0,1.0,0.0
광진구,구의동,36702.0,16694.0,8147.0,6151.0,4475.0,956.0,211.0,43.0,15.0,3.0,7.0
광진구,군자동,11223.0,7056.0,2037.0,1207.0,724.0,140.0,39.0,14.0,4.0,2.0,0.0
광진구,능동,6452.0,3957.0,1279.0,665.0,414.0,93.0,36.0,8.0,0.0,0.0,0.0
광진구,자양동,44985.0,20650.0,10300.0,7421.0,5228.0,1060.0,237.0,62.0,22.0,3.0,2.0
광진구,중곡동,40695.0,20211.0,9841.0,5906.0,3672.0,822.0,185.0,46.0,7.0,3.0,2.0
광진구,화양동,18011.0,14938.0,1906.0,674.0,397.0,66.0,24.0,5.0,0.0,0.0,1.0
구로구,가리봉동,6025.0,4387.0,997.0,399.0,199.0,32.0,6.0,4.0,0.0,0.0,1.0
구로구,개봉동,35932.0,12030.0,10258.0,7462.0,4756.0,1073.0,251.0,74.0,20.0,6.0,2.0
구로구,고척동,23066.0,8151.0,6255.0,4500.0,3312.0,658.0,148.0,31.0,6.0,2.0,3.0
구로구,구로동,60012.0,31424.0,13351.0,8356.0,5381.0,1155.0,258.0,65.0,12.0,5.0,5.0
구로구,궁동,6231.0,2264.0,1739.0,1180.0,779.0,204.0,52.0,8.0,5.0,0.0,0.0
구로구,신도림동,14405.0,4080.0,3413.0,3374.0,2903.0,491.0,114.0,20.0,8.0,2.0,0.0
구로구,오류동,21933.0,10667.0,5168.0,3349.0,2149.0,452.0,101.0,35.0,8.0,1.0,3.0
구로구,온수동,3757.0,1207.0,1156.0,735.0,500.0,118.0,31.0,7.0,3.0,0.0,0.0
구로구,천왕동,6287.0,1782.0,1736.0,1143.0,1176.0,358.0,78.0,9.0,4.0,0.0,1.0
구로구,항동,6243.0,1668.0,1376.0,1469.0,1377.0,296.0,45.0,10.0,2.0,0.0,0.0
금천구,가산동,18421.0,14518.0,2260.0,947.0,541.0,114.0,31.0,6.0,3.0,0.0,1.0
금천구,독산동,55493.0,29915.0,12367.0,7383.0,4539.0,1013.0,204.0,50.0,13.0,6.0,3.0
금천구,시흥동,47161.0,19888.0,12331.0,8046.0,5304.0,1226.0,253.0,87.0,14.0,7.0,5.0
노원구,공릉동,36602.0,16467.0,7748.0,6179.0,4964.0,1018.0,181.0,31.0,5.0,7.0,2.0
노원구,상계동,86328.0,30364.0,23038.0,17440.0,12522.0,2383.0,447.0,97.0,22.0,6.0,9.0
노원구,월계동,34531.0,13795.0,9062.0,6294.0,4236.0,915.0,183.0,35.0,8.0,3.0,0.0
노원구,중계동,39889.0,11773.0,9252.0,8672.0,8351.0,1514.0,244.0,54.0,19.0,8.0,2.0
노원구,하계동,20393.0,7682.0,4445.0,3963.0,3559.0,604.0,105.0,22.0,7.0,3.0,3.0
도봉구,도봉동,22098.0,9170.0,6226.0,3766.0,2228.0,541.0,127.0,28.0,9.0,2.0,1.0
도봉구,방학동,31916.0,11774.0,8422.0,6060.0,4300.0,1082.0,219.0,41.0,14.0,3.0,1.0
도봉구,쌍문동,33260.0,12771.0,8833.0,6326.0,4187.0,896.0,183.0,46.0,13.0,3.0,2.0
도봉구,창동,51485.0,19014.0,13479.0,10073.0,7091.0,1429.0,285.0,80.0,23.0,9.0,2.0
동대문구,답십리동,25383.0,10199.0,6213.0,4805.0,3246.0,721.0,150.0,31.0,15.0,2.0,1.0
동대문구,신설동,2920.0,2421.0,312.0,122.0,51.0,11.0,3.0,0.0,0.0,0.0,0.0
동대문구,용두동,18959.0,10417.0,3829.0,2550.0,1731.0,334.0,78.0,16.0,4.0,0.0,0.0
동대문구,이문동,18593.0,9918.0,3629.0,2527.0,1926.0,475.0,91.0,22.0,5.0,0.0,0.0
동대문구,장안동,32968.0,14098.0,7666.0,5822.0,4172.0,927.0,209.0,50.0,15.0,6.0,3.0
동대문구,전농동,23995.0,10423.0,5507.0,4246.0,2990.0,647.0,134.0,34.0,11.0,2.0,1.0
동대문구,제기동,13086.0,7718.0,2599.0,1494.0,986.0,217.0,50.0,14.0,3.0,4.0,1.0
동대문구,청량리동,10059.0,5408.0,2300.0,1301.0,782.0,208.0,40.0,14.0,2.0,1.0,3.0
동대문구,회기동,6552.0,4597.0,900.0,532.0,413.0,85.0,20.0,3.0,1.0,0.0,1.0
동대문구,휘경동,20325.0,11482.0,3764.0,2574.0,1949.0,429.0,93.0,18.0,10.0,3.0,3.0
동작구,노량진동,18373.0,12032.0,3035.0,1745.0,1192.0,272.0,69.0,19.0,5.0,2.0,2.0
동작구,대방동,16526.0,7635.0,3209.0,2672.0,2362.0,510.0,96.0,29.0,7.0,3.0,3.0
동작구,동작동,2083.0,455.0,520.0,569.0,424.0,86.0,21.0,7.0,1.0,0.0,0.0
동작구,본동,4960.0,1975.0,1331.0,889.0,590.0,139.0,25.0,8.0,3.0,0.0,0.0
동작구,사당동,48775.0,23668.0,11235.0,7525.0,5000.0,1016.0,245.0,61.0,18.0,4.0,3.0
동작구,상도1동,6324.0,4547.0,810.0,488.0,370.0,88.0,15.0,4.0,1.0,0.0,1.0
동작구,상도동,55832.0,25753.0,12464.0,9348.0,6620.0,1283.0,277.0,59.0,14.0,6.0,8.0
동작구,신대방동,21108.0,9401.0,4419.0,3533.0,2918.0,671.0,124.0,30.0,9.0,2.0,1.0
동작구,흑석동,12969.0,4603.0,2961.0,2779.0,2077.0,423.0,94.0,23.0,5.0,3.0,1.0
마포구,공덕동,12559.0,5849.0,2716.0,2142.0,1473.0,299.0,61.0,15.0,2.0,2.0,0.0
마포구,구수동,409.0,220.0,88.0,51.0,41.0,4.0,4.0,1.0,0.0,0.0,0.0
마포구,노고산동,4462.0,3609.0,564.0,159.0,97.0,29.0,3.0,1.0,0.0,0.0,0.0
마포구,당인동,617.0,385.0,146.0,53.0,23.0,6.0,4.0,0.0,0.0,0.0,0.0
마포구,대흥동,7744.0,3519.0,1565.0,1356.0,1055.0,192.0,39.0,15.0,3.0,0.0,0.0
마포구,도화동,9990.0,4280.0,2231.0,1789.0,1337.0,266.0,63.0,17.0,4.0,1.0,2.0
마포구,동교동,2313.0,1710.0,337.0,134.0,99.0,21.0,7.0,4.0,1.0,0.0,0.0
마포구,마포동,1334.0,646.0,293.0,196.0,155.0,35.0,7.0,1.0,1.0,0.0,0.0
마포구,망원동,18379.0,8695.0,4584.0,2646.0,1943.0,394.0,90.0,22.0,3.0,2.0,0.0
마포구,상수동,4094.0,2377.0,761.0,503.0,340.0,80.0,24.0,6.0,2.0,0.0,1.0
마포구,상암동,12746.0,4826.0,2724.0,2449.0,2118.0,518.0,87.0,15.0,6.0,2.0,1.0
마포구,서교동,11775.0,7611.0,2164.0,1088.0,716.0,145.0,36.0,9.0,3.0,3.0,0.0
마포구,성산동,25485.0,13576.0,5609.0,3435.0,2180.0,536.0,107.0,26.0,13.0,2.0,1.0
마포구,신공덕동,5793.0,2485.0,1339.0,1025.0,759.0,139.0,34.0,12.0,0.0,0.0,0.0
마포구,신수동,7470.0,3499.0,1512.0,1231.0,987.0,195.0,25.0,15.0,4.0,1.0,1.0
마포구,신정동,619.0,158.0,173.0,161.0,99.0,24.0,3.0,1.0,0.0,0.0,0.0
마포구,아현동,12786.0,4819.0,3161.0,2628.0,1803.0,280.0,75.0,17.0,0.0,2.0,1.0
마포구,연남동,8346.0,5098.0,1675.0,877.0,524.0,134.0,22.0,7.0,3.0,5.0,1.0
마포구,염리동,8119.0,3313.0,1669.0,1533.0,1314.0,230.0,39.0,16.0,5.0,0.0,0.0
마포구,용강동,3091.0,1002.0,660.0,733.0,578.0,96.0,17.0,3.0,1.0,1.0,0.0
마포구,중동,3763.0,1068.0,834.0,852.0,802.0,167.0,30.0,9.0,0.0,1.0,0.0
마포구,창전동,6977.0,3181.0,1355.0,1293.0,940.0,155.0,37.0,9.0,5.0,2.0,0.0
마포구,토정동,540.0,169.0,163.0,124.0,71.0,10.0,2.0,1.0,0.0,0.0,0.0
마포구,하중동,519.0,92.0,142.0,122.0,141.0,18.0,3.0,1.0,0.0,0.0,0.0
마포구,합정동,9109.0,5141.0,2104.0,1057.0,615.0,151.0,28.0,9.0,2.0,1.0,1.0
마포구,현석동,2096.0,620.0,566.0,487.0,346.0,59.0,14.0,2.0,0.0,2.0,0.0
서대문구,남가좌동,19448.0,6955.0,4206.0,4075.0,3399.0,647.0,123.0,38.0,3.0,2.0,0.0
서대문구,냉천동,1359.0,560.0,289.0,259.0,200.0,40.0,9.0,2.0,0.0,0.0,0.0
서대문구,대신동,1124.0,892.0,128.0,45.0,44.0,10.0,3.0,2.0,0.0,0.0,0.0
서대문구,대현동,4963.0,3944.0,497.0,279.0,197.0,31.0,12.0,2.0,1.0,0.0,0.0
서대문구,미근동,321.0,230.0,65.0,17.0,8.0,0.0,1.0,0.0,0.0,0.0,0.0
서대문구,봉원동,192.0,105.0,42.0,23.0,15.0,4.0,1.0,1.0,1.0,0.0,0.0
서대문구,북가좌동,21256.0,7871.0,5442.0,4112.0,2952.0,676.0,153.0,37.0,8.0,4.0,1.0
서대문구,북아현동,12552.0,5022.0,2953.0,2435.0,1716.0,347.0,58.0,18.0,2.0,1.0,0.0
서대문구,신촌동,533.0,380.0,63.0,38.0,38.0,9.0,4.0,1.0,0.0,0.0,0.0
서대문구,연희동,18643.0,10661.0,3702.0,2245.0,1523.0,385.0,92.0,19.0,11.0,3.0,2.0
서대문구,영천동,1209.0,361.0,302.0,254.0,218.0,54.0,15.0,4.0,0.0,1.0,0.0
서대문구,옥천동,601.0,376.0,132.0,59.0,29.0,4.0,1.0,0.0,0.0,0.0,0.0
서대문구,창천동,8215.0,6798.0,826.0,349.0,163.0,53.0,17.0,3.0,2.0,2.0,2.0
서대문구,천연동,2156.0,873.0,563.0,425.0,237.0,49.0,8.0,0.0,0.0,0.0,1.0
서대문구,합동,649.0,402.0,108.0,80.0,46.0,12.0,1.0,0.0,0.0,0.0,0.0
서대문구,현저동,2319.0,914.0,577.0,463.0,291.0,57.0,12.0,2.0,3.0,0.0,0.0
서대문구,홍은동,22693.0,8699.0,5676.0,4324.0,3076.0,692.0,176.0,38.0,8.0,4.0,0.0
서대문구,홍제동,24456.0,9086.0,6286.0,4868.0,3293.0,722.0,152.0,33.0,11.0,3.0,2.0
서초구,내곡동,3133.0,782.0,889.0,693.0,570.0,162.0,24.0,6.0,4.0,0.0,3.0
서초구,반포동,30286.0,8929.0,5785.0,6759.0,6772.0,1536.0,382.0,77.0,27.0,12.0,7.0
서초구,방배동,39045.0,13161.0,9206.0,7730.0,6788.0,1558.0,442.0,114.0,31.0,10.0,5.0
서초구,서초동,46673.0,19111.0,8928.0,8509.0,7862.0,1633.0,435.0,132.0,42.0,14.0,7.0
서초구,신원동,3513.0,1267.0,956.0,688.0,451.0,101.0,30.0,19.0,1.0,0.0,0.0
서초구,양재동,17869.0,9014.0,3778.0,2573.0,1886.0,472.0,106.0,27.0,7.0,5.0,1.0
서초구,염곡동,438.0,175.0,116.0,75.0,49.0,13.0,5.0,3.0,0.0,1.0,1.0
서초구,우면동,10692.0,3086.0,2743.0,2238.0,1841.0,587.0,152.0,31.0,9.0,2.0,3.0
서초구,원지동,125.0,57.0,34.0,19.0,10.0,4.0,0.0,1.0,0.0,0.0,0.0
서초구,잠원동,18907.0,4702.0,3760.0,4795.0,4545.0,833.0,201.0,51.0,16.0,3.0,1.0
성동구,도선동,2972.0,1993.0,516.0,276.0,143.0,31.0,9.0,3.0,0.0,1.0,0.0
성동구,마장동,10795.0,5315.0,2375.0,1629.0,1129.0,251.0,74.0,11.0,5.0,2.0,4.0
성동구,사근동,4327.0,3110.0,588.0,300.0,249.0,63.0,12.0,5.0,0.0,0.0,0.0
성동구,상왕십리동,1601.0,606.0,321.0,339.0,268.0,46.0,14.0,4.0,2.0,1.0,0.0
성동구,송정동,5369.0,3050.0,1123.0,649.0,433.0,92.0,18.0,4.0,0.0,0.0,0.0
성동구,옥수동,10714.0,3130.0,3072.0,2585.0,1504.0,327.0,74.0,16.0,2.0,3.0,1.0
성동구,용답동,7721.0,5292.0,1318.0,600.0,389.0,92.0,23.0,4.0,1.0,1.0,1.0
성동구,응봉동,5909.0,1601.0,1508.0,1415.0,1123.0,218.0,34.0,6.0,3.0,1.0,0.0
성동구,하왕십리동,12825.0,4324.0,3198.0,2736.0,2011.0,415.0,111.0,21.0,7.0,1.0,1.0
성동구,행당동,19553.0,8386.0,4347.0,3547.0,2624.0,495.0,109.0,34.0,6.0,3.0,2.0
성동구,홍익동,2103.0,1178.0,495.0,250.0,137.0,36.0,6.0,1.0,0.0,0.0,0.0
성북구,길음동,20368.0,4553.0,4542.0,5245.0,4885.0,924.0,162.0,37.0,13.0,3.0,4.0
성북구,돈암동,14870.0,3908.0,3794.0,3489.0,2862.0,645.0,130.0,27.0,8.0,4.0,3.0
성북구,상월곡동,4425.0,2042.0,1046.0,712.0,460.0,126.0,28.0,8.0,3.0,0.0,0.0
성북구,석관동,16647.0,7526.0,4187.0,2793.0,1666.0,372.0,82.0,17.0,3.0,0.0,1.0
성북구,성북동,4950.0,2253.0,1254.0,765.0,508.0,117.0,35.0,8.0,6.0,0.0,4.0
성북구,장위동,23550.0,9335.0,5843.0,4300.0,3201.0,708.0,128.0,28.0,4.0,3.0,0.0
성북구,정릉동,35361.0,14544.0,8648.0,6365.0,4432.0,1016.0,255.0,74.0,13.0,8.0,6.0
성북구,종암동,16929.0,6868.0,3874.0,3107.0,2435.0,529.0,88.0,23.0,5.0,0.0,0.0
성북구,하월곡동,17169.0,6794.0,3968.0,3161.0,2548.0,551.0,112.0,28.0,6.0,1.0,0.0
송파구,가락동,33699.0,10121.0,7931.0,7695.0,6402.0,1212.0,256.0,58.0,15.0,5.0,4.0
송파구,거여동,21322.0,6668.0,5077.0,4322.0,3942.0,1071.0,186.0,39.0,13.0,2.0,2.0
송파구,마천동,16247.0,7016.0,4285.0,2678.0,1736.0,392.0,107.0,21.0,10.0,1.0,1.0
송파구,문정동,32010.0,15563.0,6956.0,4810.0,3709.0,733.0,169.0,45.0,17.0,6.0,2.0
송파구,방이동,27932.0,12873.0,5692.0,4490.0,3806.0,801.0,190.0,55.0,15.0,8.0,2.0
송파구,삼전동,16166.0,9197.0,3461.0,1931.0,1219.0,270.0,63.0,16.0,6.0,3.0,0.0
송파구,석촌동,17101.0,9740.0,3647.0,2006.0,1322.0,294.0,69.0,17.0,5.0,1.0,0.0
송파구,송파동,19722.0,8635.0,4488.0,3310.0,2548.0,571.0,131.0,24.0,13.0,1.0,1.0
송파구,신천동,13034.0,2016.0,3032.0,3790.0,3342.0,635.0,160.0,35.0,14.0,7.0,3.0
송파구,오금동,16037.0,5157.0,4130.0,3496.0,2513.0,550.0,146.0,35.0,6.0,3.0,1.0
송파구,잠실동,42970.0,13992.0,9038.0,9138.0,8649.0,1679.0,351.0,92.0,18.0,10.0,3.0
송파구,장지동,15094.0,2493.0,3815.0,3951.0,3725.0,883.0,180.0,35.0,7.0,3.0,2.0
송파구,풍납동,15683.0,6185.0,3820.0,2943.0,2190.0,406.0,101.0,30.0,6.0,1.0,1.0
양천구,목동,57190.0,16769.0,12256.0,13262.0,12153.0,2186.0,401.0,105.0,39.0,12.0,7.0
양천구,신월동,53742.0,21130.0,13925.0,9829.0,6820.0,1619.0,331.0,58.0,22.0,3.0,5.0
양천구,신정동,69277.0,21319.0,16105.0,14960.0,13608.0,2669.0,430.0,114.0,52.0,11.0,9.0
영등포구,당산동,5251.0,3659.0,705.0,450.0,342.0,74.0,16.0,4.0,1.0,0.0,0.0
영등포구,대림동,23976.0,11580.0,6088.0,3562.0,2122.0,483.0,105.0,26.0,6.0,1.0,3.0
영등포구,도림동,9817.0,5434.0,2182.0,1259.0,730.0,156.0,45.0,9.0,2.0,0.0,0.0
영등포구,신길동,50517.0,23954.0,11446.0,7887.0,5724.0,1206.0,223.0,51.0,17.0,3.0,6.0
영등포구,양평동,0.0,0.0,0.0,0.0,0.0,0.0,0.0,0.0,0.0,0.0,0.0
영등포구,양화동,0.0,0.0,0.0,0.0,0.0,0.0,0.0,0.0,0.0,0.0,0.0
영등포구,여의도동,14151.0,4572.0,3466.0,3048.0,2368.0,492.0,140.0,45.0,13.0,6.0,1.0
영등포구,영등포동,6687.0,3225.0,1309.0,1133.0,826.0,154.0,32.0,5.0,1.0,0.0,2.0
용산구,갈월동,1797.0,1258.0,302.0,133.0,77.0,21.0,5.0,1.0,0.0,0.0,0.0
용산구,남영동,457.0,380.0,45.0,19.0,9.0,3.0,0.0,1.0,0.0,0.0,0.0
용산구,도원동,2159.0,602.0,613.0,522.0,325.0,80.0,14.0,0.0,2.0,0.0,1.0
용산구,동빙고동,2373.0,790.0,511.0,399.0,470.0,166.0,27.0,7.0,3.0,0.0,0.0
용산구,동자동,2550.0,2053.0,251.0,136.0,81.0,24.0,4.0,0.0,0.0,0.0,1.0
용산구,문배동,2837.0,1351.0,574.0,482.0,349.0,66.0,9.0,1.0,3.0,1.0,1.0
용산구,보광동,4099.0,2316.0,924.0,518.0,263.0,55.0,19.0,4.0,0.0,0.0,0.0
용산구,산천동,1948.0,518.0,505.0,495.0,342.0,68.0,12.0,4.0,3.0,1.0,0.0
용산구,서계동,2918.0,1857.0,574.0,277.0,152.0,44.0,12.0,2.0,0.0,0.0,0.0
용산구,서빙고동,2314.0,688.0,598.0,488.0,397.0,103.0,28.0,7.0,5.0,0.0,0.0
용산구,신계동,1131.0,387.0,268.0,238.0,182.0,40.0,12.0,3.0,0.0,0.0,1.0
용산구,신창동,1104.0,531.0,236.0,154.0,141.0,31.0,8.0,1.0,0.0,0.0,2.0
용산구,용문동,3112.0,1562.0,746.0,434.0,279.0,72.0,14.0,3.0,1.0,0.0,1.0
용산구,이촌동,12662.0,3093.0,3289.0,3121.0,2424.0,550.0,135.0,35.0,9.0,4.0,2.0
용산구,이태원동,8202.0,4597.0,1897.0,968.0,533.0,149.0,45.0,11.0,1.0,0.0,1.0
용산구,주성동,414.0,196.0,111.0,63.0,26.0,14.0,4.0,0.0,0.0,0.0,0.0
용산구,청암동,224.0,48.0,62.0,52.0,36.0,16.0,6.0,2.0,1.0,1.0,0.0
용산구,한남동,7160.0,3581.0,1585.0,1066.0,656.0,184.0,60.0,16.0,7.0,3.0,2.0
용산구,효창동,4692.0,1758.0,1217.0,864.0,649.0,147.0,42.0,8.0,3.0,3.0,1.0
용산구,후암동,8272.0,4328.0,1794.0,1163.0,727.0,193.0,40.0,21.0,2.0,1.0,3.0
은평구,갈현동,19973.0,8527.0,5139.0,3399.0,2250.0,514.0,112.0,22.0,5.0,1.0,4.0
은평구,구산동,13499.0,4984.0,3560.0,2607.0,1757.0,458.0,94.0,22.0,7.0,4.0,6.0
은평구,녹번동,17481.0,7698.0,4492.0,2917.0,1873.0,386.0,90.0,19.0,5.0,0.0,1.0
은평구,대조동,15533.0,8751.0,3620.0,1793.0,1066.0,228.0,57.0,13.0,4.0,1.0,0.0
은평구,불광동,32107.0,14698.0,8179.0,5250.0,3082.0,703.0,150.0,33.0,11.0,1.0,0.0
은평구,수색동,8522.0,2312.0,2356.0,1864.0,1548.0,361.0,62.0,14.0,4.0,1.0,0.0
은평구,신사동,20661.0,7968.0,5538.0,3898.0,2518.0,571.0,125.0,29.0,8.0,2.0,4.0
은평구,역촌동,20885.0,8661.0,5396.0,3738.0,2367.0,570.0,117.0,25.0,8.0,3.0,0.0
은평구,응암동,38604.0,15940.0,9510.0,6993.0,4791.0,1066.0,221.0,51.0,15.0,8.0,9.0
은평구,증산동,6857.0,2389.0,1807.0,1269.0,1014.0,308.0,54.0,10.0,4.0,2.0,0.0
은평구,진관동,21183.0,6543.0,4630.0,4263.0,4269.0,1153.0,253.0,46.0,16.0,5.0,5.0
종로구,가회동,489.0,260.0,95.0,70.0,53.0,8.0,3.0,0.0,0.0,0.0,0.0
종로구,견지동,114.0,63.0,11.0,24.0,11.0,2.0,1.0,2.0,0.0,0.0,0.0
종로구,경운동,201.0,168.0,26.0,5.0,1.0,0.0,1.0,0.0,0.0,0.0,0.0
종로구,계동,488.0,221.0,111.0,75.0,62.0,11.0,6.0,1.0,0.0,0.0,1.0
종로구,공평동,1.0,1.0,0.0,0.0,0.0,0.0,0.0,0.0,0.0,0.0,0.0
종로구,관수동,358.0,347.0,6.0,2.0,2.0,1.0,0.0,0.0,0.0,0.0,0.0
종로구,관철동,296.0,281.0,8.0,4.0,3.0,0.0,0.0,0.0,0.0,0.0,0.0
종로구,관훈동,66.0,57.0,4.0,4.0,1.0,0.0,0.0,0.0,0.0,0.0,0.0
종로구,교남동,196.0,35.0,36.0,65.0,51.0,7.0,2.0,0.0,0.0,0.0,0.0
종로구,교북동,479.0,214.0,128.0,81.0,48.0,7.0,1.0,0.0,0.0,0.0,0.0
종로구,구기동,2255.0,635.0,591.0,484.0,371.0,134.0,24.0,8.0,6.0,2.0,0.0
종로구,궁정동,101.0,64.0,7.0,11.0,14.0,4.0,0.0,1.0,0.0,0.0,0.0
종로구,권농동,68.0,40.0,15.0,7.0,4.0,0.0,2.0,0.0,0.0,0.0,0.0
종로구,낙원동,626.0,481.0,83.0,40.0,17.0,4.0,0.0,1.0,0.0,0.0,0.0
종로구,내수동,1474.0,857.0,267.0,183.0,126.0,34.0,4.0,2.0,1.0,0.0,0.0
종로구,내자동,50.0,31.0,13.0,5.0,1.0,0.0,0.0,0.0,0.0,0.0,0.0
종로구,누상동,1354.0,481.0,335.0,282.0,194.0,50.0,8.0,2.0,2.0,0.0,0.0
종로구,누하동,378.0,186.0,95.0,57.0,26.0,10.0,3.0,1.0,0.0,0.0,0.0
종로구,당주동,136.0,50.0,38.0,30.0,15.0,3.0,0.0,0.0,0.0,0.0,0.0
종로구,도렴동,2.0,2.0,0.0,0.0,0.0,0.0,0.0,0.0,0.0,0.0,0.0
종로구,돈의동,725.0,704.0,12.0,4.0,4.0,1.0,0.0,0.0,0.0,0.0,0.0
종로구,동숭동,2135.0,1308.0,422.0,220.0,143.0,28.0,11.0,1.0,1.0,1.0,0.0
종로구,묘동,20.0,17.0,3.0,0.0,0.0,0.0,0.0,0.0,0.0,0.0,0.0
종로구,무악동,2986.0,704.0,763.0,702.0,636.0,146.0,27.0,4.0,2.0,1.0,1.0
종로구,봉익동,40.0,30.0,7.0,3.0,0.0,0.0,0.0,0.0,0.0,0.0,0.0
종로구,부암동,1950.0,847.0,495.0,309.0,208.0,64.0,23.0,3.0,1.0,0.0,0.0
종로구,사간동,72.0,40.0,18.0,8.0,5.0,1.0,0.0,0.0,0.0,0.0,0.0
종로구,사직동,1387.0,540.0,312.0,269.0,199.0,53.0,9.0,2.0,2.0,0.0,1.0
종로구,삼청동,627.0,318.0,139.0,78.0,58.0,27.0,6.0,0.0,1.0,0.0,0.0
종로구,서린동,2.0,2.0,0.0,0.0,0.0,0.0,0.0,0.0,0.0,0.0,0.0
종로구,소격동,52.0,18.0,13.0,9.0,9.0,0.0,3.0,0.0,0.0,0.0,0.0
종로구,송월동,309.0,45.0,84.0,94.0,66.0,15.0,1.0,2.0,1.0,1.0,0.0
종로구,송현동,0.0,0.0,0.0,0.0,0.0,0.0,0.0,0.0,0.0,0.0,0.0
종로구,수송동,171.0,113.0,39.0,12.0,5.0,1.0,1.0,0.0,0.0,0.0,0.0
종로구,숭인동,9903.0,6539.0,1746.0,906.0,549.0,127.0,31.0,4.0,1.0,0.0,0.0
종로구,신교동,583.0,248.0,118.0,104.0,79.0,29.0,4.0,1.0,0.0,0.0,0.0
종로구,신영동,1405.0,471.0,334.0,290.0,228.0,58.0,15.0,6.0,2.0,0.0,1.0
종로구,안국동,133.0,73.0,29.0,13.0,11.0,4.0,3.0,0.0,0.0,0.0,0.0
종로구,연건동,1231.0,936.0,164.0,71.0,45.0,11.0,2.0,1.0,0.0,1.0,0.0
종로구,연지동,739.0,662.0,45.0,18.0,8.0,5.0,1.0,0.0,0.0,0.0,0.0
종로구,예지동,24.0,19.0,2.0,3.0,0.0,0.0,0.0,0.0,0.0,0.0,0.0
종로구,옥인동,914.0,410.0,234.0,156.0,90.0,16.0,5.0,1.0,1.0,1.0,0.0
종로구,와룡동,61.0,42.0,9.0,6.0,3.0,1.0,0.0,0.0,0.0,0.0,0.0
종로구,운니동,115.0,90.0,11.0,8.0,4.0,2.0,0.0,0.0,0.0,0.0,0.0
종로구,원남동,325.0,258.0,37.0,14.0,12.0,2.0,1.0,0.0,0.0,1.0,0.0
종로구,원서동,852.0,388.0,196.0,152.0,83.0,23.0,8.0,1.0,1.0,0.0,0.0
종로구,이화동,984.0,612.0,180.0,114.0,57.0,16.0,2.0,3.0,0.0,0.0,0.0
종로구,익선동,743.0,577.0,102.0,34.0,22.0,6.0,2.0,0.0,0.0,0.0,0.0
종로구,인사동,62.0,51.0,9.0,2.0,0.0,0.0,0.0,0.0,0.0,0.0,0.0
종로구,인의동,524.0,249.0,90.0,95.0,68.0,18.0,3.0,1.0,0.0,0.0,0.0
종로구,장사동,52.0,45.0,4.0,2.0,0.0,1.0,0.0,0.0,0.0,0.0,0.0
종로구,재동,46.0,29.0,8.0,5.0,3.0,1.0,0.0,0.0,0.0,0.0,0.0
종로구,적선동,17.0,6.0,5.0,5.0,1.0,0.0,0.0,0.0,0.0,0.0,0.0
종로구,중학동,3.0,2.0,1.0,0.0,0.0,0.0,0.0,0.0,0.0,0.0,0.0
종로구,창성동,204.0,99.0,52.0,29.0,17.0,7.0,0.0,0.0,0.0,0.0,0.0
종로구,창신동,9294.0,4527.0,2255.0,1397.0,827.0,222.0,53.0,9.0,4.0,0.0,0.0
종로구,청운동,825.0,182.0,201.0,192.0,187.0,44.0,13.0,3.0,1.0,2.0,0.0
종로구,청진동,49.0,48.0,0.0,0.0,1.0,0.0,0.0,0.0,0.0,0.0,0.0
종로구,체부동,381.0,212.0,88.0,43.0,24.0,11.0,1.0,1.0,0.0,0.0,1.0
종로구,충신동,1657.0,959.0,328.0,208.0,129.0,27.0,4.0,2.0,0.0,0.0,0.0
종로구,통의동,177.0,119.0,23.0,19.0,10.0,1.0,1.0,3.0,0.0,0.0,1.0
종로구,통인동,351.0,172.0,91.0,45.0,29.0,10.0,3.0,1.0,0.0,0.0,0.0
종로구,팔판동,130.0,55.0,32.0,23.0,12.0,5.0,0.0,3.0,0.0,0.0,0.0
종로구,평동,558.0,89.0,128.0,185.0,134.0,19.0,3.0,0.0,0.0,0.0,0.0
종로구,평창동,4879.0,1633.0,1246.0,962.0,743.0,221.0,55.0,14.0,4.0,0.0,1.0
종로구,필운동,503.0,267.0,95.0,75.0,49.0,11.0,3.0,3.0,0.0,0.0,0.0
종로구,행촌동,2159.0,1087.0,530.0,311.0,179.0,47.0,1.0,3.0,0.0,1.0,0.0
종로구,혜화동,1675.0,950.0,278.0,220.0,165.0,44.0,10.0,3.0,4.0,0.0,1.0
종로구,홍지동,780.0,357.0,196.0,133.0,64.0,17.0,9.0,4.0,0.0,0.0,0.0
종로구,홍파동,601.0,133.0,154.0,161.0,126.0,24.0,3.0,0.0,0.0,0.0,0.0
종로구,화동,93.0,43.0,16.0,19.0,13.0,2.0,0.0,0.0,0.0,0.0,0.0
종로구,효자동,244.0,92.0,55.0,53.0,32.0,7.0,4.0,1.0,0.0,0.0,0.0
종로구,효제동,666.0,565.0,60.0,27.0,10.0,4.0,0.0,0.0,0.0,0.0,0.0
종로구,훈정동,0.0,0.0,0.0,0.0,0.0,0.0,0.0,0.0,0.0,0.0,0.0
중구,남창동,247.0,153.0,52.0,25.0,13.0,4.0,0.0,0.0,0.0,0.0,0.0
중구,남학동,23.0,16.0,4.0,2.0,1.0,0.0,0.0,0.0,0.0,0.0,0.0
중구,다동,39.0,33.0,4.0,1.0,1.0,0.0,0.0,0.0,0.0,0.0,0.0
중구,무교동,7.0,6.0,1.0,0.0,0.0,0.0,0.0,0.0,0.0,0.0,0.0
중구,무학동,157.0,122.0,23.0,9.0,3.0,0.0,0.0,0.0,0.0,0.0,0.0
중구,묵정동,832.0,580.0,156.0,64.0,24.0,5.0,2.0,0.0,1.0,0.0,0.0
중구,방산동,37.0,34.0,1.0,1.0,1.0,0.0,0.0,0.0,0.0,0.0,0.0
중구,북창동,149.0,137.0,11.0,0.0,1.0,0.0,0.0,0.0,0.0,0.0,0.0
중구,산림동,92.0,59.0,25.0,7.0,1.0,0.0,0.0,0.0,0.0,0.0,0.0
중구,삼각동,3.0,1.0,2.0,0.0,0.0,0.0,0.0,0.0,0.0,0.0,0.0
중구,서소문동,14.0,8.0,3.0,3.0,0.0,0.0,0.0,0.0,0.0,0.0,0.0
중구,소공동,1.0,1.0,0.0,0.0,0.0,0.0,0.0,0.0,0.0,0.0,0.0
중구,수표동,1.0,1.0,0.0,0.0,0.0,0.0,0.0,0.0,0.0,0.0,0.0
중구,수하동,0.0,0.0,0.0,0.0,0.0,0.0,0.0,0.0,0.0,0.0,0.0
중구,순화동,621.0,319.0,143.0,98.0,54.0,4.0,2.0,1.0,0.0,0.0,0.0
중구,신당동,32740.0,14820.0,8304.0,5244.0,3310.0,787.0,192.0,59.0,14.0,4.0,6.0
중구,쌍림동,422.0,326.0,59.0,24.0,9.0,2.0,2.0,0.0,0.0,0.0,0.0
중구,예관동,18.0,16.0,1.0,1.0,0.0,0.0,0.0,0.0,0.0,0.0,0.0
중구,예장동,400.0,224.0,75.0,56.0,29.0,14.0,1.0,0.0,0.0,0.0,1.0
중구,오장동,618.0,568.0,37.0,9.0,3.0,0.0,1.0,0.0,0.0,0.0,0.0
중구,입정동,931.0,512.0,271.0,96.0,46.0,4.0,1.0,1.0,0.0,0.0,0.0
중구,장교동,2.0,2.0,0.0,0.0,0.0,0.0,0.0,0.0,0.0,0.0,0.0
중구,정동,274.0,161.0,58.0,29.0,17.0,3.0,3.0,2.0,0.0,0.0,1.0
중구,주교동,205.0,176.0,22.0,6.0,1.0,0.0,0.0,0.0,0.0,0.0,0.0
중구,주자동,21.0,20.0,1.0,0.0,0.0,0.0,0.0,0.0,0.0,0.0,0.0
중구,중림동,3537.0,2060.0,685.0,449.0,252.0,65.0,23.0,1.0,2.0,0.0,0.0
중구,초동,48.0,38.0,6.0,1.0,2.0,1.0,0.0,0.0,0.0,0.0,0.0
중구,황학동,7859.0,4762.0,1691.0,824.0,456.0,102.0,20.0,3.0,0.0,0.0,1.0
중구,흥인동,1533.0,1095.0,228.0,112.0,65.0,21.0,10.0,1.0,0.0,1.0,0.0
중랑구,망우동,27021.0,12813.0,6393.0,4319.0,2769.0,578.0,112.0,29.0,5.0,2.0,1.0
중랑구,면목동,68469.0,32905.0,17146.0,10411.0,6370.0,1294.0,267.0,55.0,13.0,6.0,2.0
중랑구,묵동,24094.0,10013.0,6069.0,4135.0,2954.0,732.0,147.0,36.0,7.0,1.0,0.0
중랑구,상봉동,23192.0,12044.0,5166.0,3296.0,2159.0,415.0,87.0,21.0,1.0,3.0,0.0
중랑구,신내동,23595.0,7269.0,6448.0,4921.0,3762.0,924.0,214.0,43.0,10.0,2.0,2.0
중랑구,중화동,22280.0,11238.0,5560.0,3159.0,1821.0,395.0,81.0,19.0,5.0,0.0,2.0
