연도,구,동,총인구수,0~9세,10~19세,20~29세,30~39세,40~49세,50~59세,60~69세,70~79세,80~89세,90~99세,100세 이상
2023,강남구,개포동,74538.0,5330.0,7557.0,8266.0,10342.0,12406.0,11929.0,10533.0,6057.0,1843.0,267.0,8.0
2024,강남구,개포동,89148.0,6667.0,9633.0,9291.0,12270.0,15347.0,14095.0,12049.0,7260.0,2188.0,335.0,13.0
2025,강남구,개포동,88890.0,6531.0,9823.0,8791.0,11955.0,15324.0,13959.0,11954.0,7822.0,2355.0,360.0,16.0
2023,강남구,논현동,40435.0,1405.0,2024.0,6966.0,9144.0,6970.0,5574.0,4196.0,2811.0,1163.0,177.0,5.0
2024,강남구,논현동,39937.0,1299.0,2002.0,6530.0,9084.0,6938.0,5599.0,4162.0,2857.0,1270.0,187.0,9.0
2025,강남구,논현동,39709.0,1270.0,1998.0,6063.0,9179.0,6908.0,5683.0,4126.0,2951.0,1337.0,187.0,7.0
2023,강남구,대치동,80040.0,4317.0,14257.0,9189.0,7637.0,15938.0,13986.0,8084.0,4833.0,1571.0,225.0,3.0
2024,강남구,대치동,79844.0,4291.0,14425.0,8671.0,7567.0,16066.0,13901.0,7984.0,5032.0,1668.0,236.0,3.0
2025,강남구,대치동,79549.0,4117.0,14500.0,8300.0,7450.0,15841.0,14098.0,7883.0,5312.0,1794.0,248.0,6.0
2023,강남구,도곡동,52609.0,3813.0,7174.0,5948.0,5739.0,9660.0,8758.0,6068.0,3761.0,1447.0,236.0,5.0
2024,강남구,도곡동,52224.0,3697.0,7069.0,5718.0,5714.0,9555.0,8675.0,6077.0,3933.0,1542.0,241.0,3.0
2025,강남구,도곡동,52223.0,3554.0,7137.0,5527.0,5731.0,9506.0,8563.0,6028.0,4242.0,1650.0,280.0,5.0
2023,강남구,삼성동,42062.0,2634.0,4638.0,5349.0,6274.0,7924.0,6870.0,4165.0,2872.0,1186.0,146.0,4.0
2024,강남구,삼성동,41719.0,2462.0,4583.0,5157.0,6341.0,7705.0,6919.0,4156.0,2927.0,1306.0,159.0,4.0
2025,강남구,삼성동,42326.0,2342.0,4580.0,5164.0,6289.0,7635.0,7196.0,4349.0,3168.0,1425.0,174.0,4.0
2023,강남구,세곡동,14338.0,1014.0,1621.0,1562.0,1922.0,2409.0,2301.0,1810.0,1031.0,568.0,97.0,3.0
2024,강남구,세곡동,14022.0,934.0,1529.0,1513.0,1866.0,2252.0,2275.0,1856.0,1105.0,586.0,103.0,3.0
2025,강남구,세곡동,13886.0,907.0,1446.0,1487.0,1874.0,2146.0,2261.0,1878.0,1179.0,595.0,110.0,3.0
2023,강남구,수서동,21678.0,1185.0,1498.0,1824.0,2976.0,3122.0,3007.0,4107.0,2734.0,1014.0,203.0,8.0
2024,강남구,수서동,21165.0,1068.0,1476.0,1675.0,2974.0,2993.0,2867.0,3965.0,2857.0,1080.0,203.0,7.0
2025,강남구,수서동,21014.0,1048.0,1420.0,1628.0,3032.0,2924.0,2735.0,3762.0,3117.0,1130.0,208.0,10.0
2023,강남구,신사동,10565.0,527.0,845.0,1448.0,1869.0,1852.0,1464.0,1139.0,912.0,444.0,64.0,1.0
2024,강남구,신사동,10409.0,493.0,817.0,1370.0,1833.0,1841.0,1477.0,1125.0,900.0,477.0,75.0,1.0
2025,강남구,신사동,10146.0,436.0,817.0,1252.0,1745.0,1784.0,1514.0,1067.0,927.0,518.0,84.0,2.0
2023,강남구,압구정동,29668.0,2089.0,3327.0,3164.0,2848.0,4774.0,5190.0,3693.0,2935.0,1413.0,224.0,11.0
2024,강남구,압구정동,29644.0,2071.0,3261.0,3131.0,2899.0,4617.0,5228.0,3749.0,2932.0,1505.0,245.0,6.0
2025,강남구,압구정동,29636.0,2036.0,3343.0,3036.0,2872.0,4619.0,5203.0,3762.0,2953.0,1541.0,264.0,7.0
2023,강남구,역삼동,69127.0,2976.0,7097.0,10945.0,13921.0,14037.0,9805.0,5316.0,3442.0,1427.0,154.0,7.0
2024,강남구,역삼동,68953.0,2761.0,7017.0,10748.0,13934.0,13769.0,10182.0,5350.0,3512.0,1500.0,178.0,2.0
2025,강남구,역삼동,68909.0,2592.0,7015.0,10299.0,13960.0,13709.0,10468.0,5400.0,3654.0,1598.0,211.0,3.0
2023,강남구,율현동,3667.0,324.0,331.0,380.0,558.0,669.0,508.0,487.0,280.0,115.0,14.0,1.0
2024,강남구,율현동,3642.0,290.0,343.0,374.0,544.0,671.0,506.0,483.0,299.0,112.0,19.0,1.0
2025,강남구,율현동,3587.0,254.0,365.0,320.0,526.0,672.0,507.0,483.0,315.0,125.0,19.0,1.0
2023,강남구,일원동,47476.0,3386.0,5926.0,5540.0,6440.0,8326.0,7376.0,6020.0,3165.0,1072.0,215.0,10.0
2024,강남구,일원동,47442.0,3399.0,5889.0,5158.0,6632.0,8385.0,7204.0,5981.0,3445.0,1115.0,226.0,8.0
2025,강남구,일원동,46419.0,3284.0,5953.0,4649.0,6457.0,8229.0,7044.0,5661.0,3752.0,1152.0,234.0,4.0
2023,강남구,자곡동,27257.0,2299.0,3094.0,3371.0,4508.0,4934.0,3400.0,3061.0,1679.0,753.0,152.0,6.0
2024,강남구,자곡동,28341.0,2139.0,3132.0,3532.0,5212.0,4906.0,3492.0,3110.0,1865.0,782.0,166.0,5.0
2025,강남구,자곡동,28240.0,2032.0,3140.0,3273.0,5223.0,4847.0,3556.0,3105.0,2056.0,830.0,173.0,5.0
2023,강남구,청담동,24197.0,1656.0,2195.0,3124.0,3645.0,4319.0,3907.0,2862.0,1691.0,686.0,107.0,5.0
2024,강남구,청담동,23549.0,1540.0,2116.0,2949.0,3497.0,4190.0,3803.0,2878.0,1727.0,736.0,107.0,6.0
2025,강남구,청담동,24753.0,1545.0,2299.0,2951.0,3526.0,4341.0,4007.0,3133.0,1975.0,850.0,122.0,4.0
2023,강동구,강일동,34020.0,3086.0,3700.0,3499.0,4357.0,5623.0,4982.0,4997.0,2557.0,1008.0,203.0,8.0
2024,강동구,강일동,34517.0,3130.0,3694.0,3417.0,4399.0,5647.0,5115.0,5039.0,2790.0,1071.0,209.0,6.0
2025,강동구,강일동,34265.0,2952.0,3756.0,3277.0,4217.0,5606.0,5074.0,4982.0,3067.0,1112.0,217.0,5.0
2023,강동구,고덕동,46505.0,4586.0,6241.0,4005.0,5858.0,9664.0,6581.0,5759.0,2713.0,926.0,168.0,4.0
2024,강동구,고덕동,48942.0,4562.0,6938.0,4178.0,6036.0,10167.0,6997.0,5915.0,2967.0,977.0,202.0,3.0
2025,강동구,고덕동,49763.0,4410.0,7255.0,4095.0,6161.0,10433.0,7047.0,5760.0,3363.0,1007.0,228.0,4.0
2023,강동구,길동,44329.0,2010.0,2600.0,6305.0,7154.0,6385.0,7049.0,7347.0,3874.0,1388.0,208.0,9.0
2024,강동구,길동,47164.0,2195.0,2744.0,6349.0,7997.0,6718.0,7409.0,7720.0,4269.0,1526.0,227.0,10.0
2025,강동구,길동,47853.0,2126.0,2741.0,6429.0,8418.0,6737.0,7321.0,7629.0,4586.0,1603.0,256.0,7.0
2023,강동구,둔촌동,24182.0,1518.0,1848.0,3121.0,3696.0,3486.0,3884.0,3868.0,1918.0,716.0,124.0,3.0
2024,강동구,둔촌동,35437.0,2510.0,2773.0,4033.0,6163.0,5355.0,5320.0,5450.0,2775.0,899.0,153.0,6.0
2025,강동구,둔촌동,57722.0,4969.0,5098.0,5533.0,9855.0,10047.0,8167.0,8053.0,4567.0,1198.0,230.0,5.0
2023,강동구,명일동,42000.0,2956.0,4714.0,4821.0,5510.0,7017.0,6517.0,6155.0,3166.0,963.0,174.0,7.0
2024,강동구,명일동,41365.0,2808.0,4620.0,4535.0,5364.0,6923.0,6440.0,6026.0,3423.0,1032.0,185.0,9.0
2025,강동구,명일동,41275.0,2745.0,4712.0,4303.0,5301.0,7037.0,6306.0,5801.0,3755.0,1094.0,215.0,6.0
2023,강동구,상일동,50902.0,5517.0,6155.0,4961.0,6746.0,9784.0,7210.0,6361.0,3036.0,965.0,161.0,6.0
2024,강동구,상일동,52604.0,5514.0,6732.0,4845.0,6841.0,10139.0,7489.0,6449.0,3337.0,1075.0,175.0,8.0
2025,강동구,상일동,52171.0,5108.0,7013.0,4530.0,6476.0,10217.0,7468.0,6344.0,3691.0,1111.0,203.0,10.0
2023,강동구,성내동,64878.0,3138.0,4097.0,9667.0,10634.0,9582.0,10096.0,9843.0,5474.0,2100.0,236.0,11.0
2024,강동구,성내동,64286.0,2873.0,3916.0,9257.0,10893.0,9319.0,9926.0,9830.0,5780.0,2207.0,276.0,9.0
2025,강동구,성내동,64229.0,2706.0,3861.0,8870.0,11312.0,9084.0,9837.0,9719.0,6169.0,2360.0,303.0,8.0
2023,강동구,암사동,65348.0,4362.0,5222.0,7789.0,9495.0,10469.0,10545.0,9772.0,5333.0,2066.0,285.0,10.0
2024,강동구,암사동,64489.0,4032.0,5182.0,7343.0,9474.0,10095.0,10380.0,9774.0,5674.0,2216.0,305.0,14.0
2025,강동구,암사동,63698.0,3767.0,5102.0,6950.0,9453.0,9798.0,10296.0,9596.0,6035.0,2358.0,334.0,9.0
2023,강동구,천호동,83955.0,3702.0,4193.0,12114.0,14850.0,11710.0,13036.0,13657.0,7343.0,2982.0,352.0,16.0
2024,강동구,천호동,85267.0,3431.0,4152.0,12125.0,15421.0,11788.0,13049.0,13840.0,7941.0,3122.0,385.0,13.0
2025,강동구,천호동,85386.0,3214.0,4150.0,11488.0,15941.0,11568.0,12986.0,13792.0,8461.0,3340.0,436.0,10.0
2023,강북구,미아동,126270.0,5806.0,9698.0,16354.0,15089.0,18395.0,22400.0,20184.0,11992.0,5749.0,589.0,14.0
2024,강북구,미아동,125075.0,5403.0,9385.0,15654.0,14969.0,17674.0,22314.0,20454.0,12531.0,6030.0,648.0,13.0
2025,강북구,미아동,123037.0,5015.0,9100.0,14934.0,14949.0,16869.0,21738.0,20321.0,13116.0,6233.0,751.0,11.0
2023,강북구,번동,48295.0,1642.0,2816.0,6326.0,5672.0,6538.0,8091.0,8020.0,5995.0,2900.0,287.0,8.0
2024,강북구,번동,46521.0,1451.0,2643.0,5897.0,5493.0,6011.0,7857.0,7891.0,5918.0,3045.0,308.0,7.0
2025,강북구,번동,45682.0,1344.0,2494.0,5589.0,5519.0,5622.0,7668.0,7822.0,6088.0,3177.0,350.0,9.0
2023,강북구,수유동,100773.0,3726.0,5979.0,14084.0,12793.0,13273.0,17208.0,17240.0,10410.0,5416.0,626.0,18.0
2024,강북구,수유동,99364.0,3333.0,5741.0,13287.0,12744.0,12643.0,17025.0,17324.0,10860.0,5692.0,700.0,15.0
2025,강북구,수유동,97828.0,2890.0,5570.0,12492.0,12500.0,12234.0,16664.0,17200.0,11570.0,5883.0,807.0,18.0
2023,강북구,우이동,10631.0,381.0,611.0,1265.0,1235.0,1296.0,1839.0,1948.0,1257.0,713.0,84.0,2.0
2024,강북구,우이동,10548.0,354.0,597.0,1249.0,1188.0,1218.0,1847.0,1954.0,1298.0,756.0,84.0,3.0
2025,강북구,우이동,10357.0,314.0,609.0,1127.0,1168.0,1203.0,1776.0,1892.0,1384.0,780.0,102.0,2.0
2023,강서구,가양동,42926.0,1968.0,1851.0,4596.0,8209.0,5266.0,5839.0,8334.0,4499.0,2056.0,301.0,7.0
2024,강서구,가양동,41559.0,1873.0,1726.0,4142.0,7933.0,5081.0,5512.0,8045.0,4831.0,2079.0,330.0,7.0
2025,강서구,가양동,40822.0,1758.0,1680.0,3781.0,7885.0,5048.0,5275.0,7653.0,5225.0,2130.0,374.0,13.0
2023,강서구,개화동,1643.0,77.0,79.0,150.0,186.0,185.0,278.0,331.0,226.0,108.0,23.0,0.0
2024,강서구,개화동,1558.0,60.0,81.0,124.0,168.0,183.0,246.0,334.0,222.0,120.0,20.0,0.0
2025,강서구,개화동,1524.0,51.0,69.0,110.0,174.0,172.0,236.0,346.0,223.0,122.0,20.0,1.0
2023,강서구,공항동,17087.0,613.0,905.0,2638.0,2946.0,2461.0,2657.0,2713.0,1433.0,638.0,82.0,1.0
2024,강서구,공항동,17168.0,571.0,880.0,2605.0,3039.0,2406.0,2669.0,2692.0,1526.0,682.0,97.0,1.0
2025,강서구,공항동,16575.0,498.0,861.0,2431.0,3021.0,2311.0,2503.0,2571.0,1607.0,661.0,110.0,1.0
2023,강서구,과해동,0.0,0.0,0.0,0.0,0.0,0.0,0.0,0.0,0.0,0.0,0.0,0.0
2024,강서구,과해동,0.0,0.0,0.0,0.0,0.0,0.0,0.0,0.0,0.0,0.0,0.0,0.0
2025,강서구,과해동,,,,,,,,,,,,
2023,강서구,내발산동,44448.0,2816.0,5895.0,5425.0,4919.0,7912.0,7662.0,5441.0,2999.0,1185.0,188.0,6.0
2024,강서구,내발산동,44212.0,2709.0,5709.0,5263.0,5048.0,7556.0,7761.0,5550.0,3165.0,1250.0,195.0,6.0
2025,강서구,내발산동,44333.0,2570.0,5510.0,5432.0,5412.0,7160.0,7720.0,5543.0,3429.0,1321.0,229.0,7.0
2023,강서구,등촌동,73280.0,3629.0,4165.0,10641.0,14491.0,9767.0,10451.0,11026.0,5715.0,2816.0,561.0,18.0
2024,강서구,등촌동,73227.0,3458.0,4033.0,10220.0,14939.0,9761.0,10116.0,11133.0,6036.0,2919.0,589.0,23.0
2025,강서구,등촌동,72447.0,3329.0,3905.0,9584.0,15072.0,9661.0,9781.0,10879.0,6631.0,2923.0,663.0,19.0
2023,강서구,마곡동,53822.0,4706.0,5716.0,9205.0,10046.0,9724.0,6676.0,4596.0,2167.0,827.0,156.0,3.0
2024,강서구,마곡동,60660.0,4897.0,6399.0,9666.0,11389.0,10701.0,7840.0,5713.0,2865.0,1003.0,181.0,6.0
2025,강서구,마곡동,60710.0,4429.0,6485.0,9389.0,11211.0,10532.0,8034.0,5864.0,3290.0,1249.0,221.0,6.0
2023,강서구,방화동,68556.0,3555.0,4462.0,7656.0,10989.0,9939.0,10298.0,11611.0,6630.0,2936.0,464.0,16.0
2024,강서구,방화동,60833.0,2698.0,3651.0,6701.0,9934.0,8396.0,9156.0,10440.0,6477.0,2905.0,465.0,10.0
2025,강서구,방화동,58645.0,2453.0,3472.0,6144.0,9503.0,8067.0,8768.0,9916.0,6852.0,2958.0,498.0,14.0
2023,강서구,염창동,41094.0,3409.0,4349.0,5325.0,7221.0,7262.0,6116.0,4480.0,2032.0,794.0,105.0,1.0
2024,강서구,염창동,40921.0,3244.0,4336.0,5052.0,7332.0,7110.0,6160.0,4564.0,2198.0,803.0,119.0,3.0
2025,강서구,염창동,40836.0,3070.0,4275.0,4926.0,7506.0,6954.0,6150.0,4555.0,2422.0,832.0,145.0,1.0
2023,강서구,오곡동,12.0,0.0,0.0,0.0,0.0,2.0,3.0,5.0,2.0,0.0,0.0,0.0
2024,강서구,오곡동,10.0,0.0,0.0,0.0,0.0,2.0,3.0,2.0,3.0,0.0,0.0,0.0
2025,강서구,오곡동,6.0,0.0,0.0,0.0,0.0,2.0,0.0,1.0,3.0,0.0,0.0,0.0
2023,강서구,오쇠동,10.0,0.0,0.0,4.0,2.0,0.0,0.0,1.0,2.0,1.0,0.0,0.0
2024,강서구,오쇠동,16.0,0.0,0.0,9.0,2.0,0.0,0.0,2.0,2.0,1.0,0.0,0.0
2025,강서구,오쇠동,25.0,0.0,1.0,14.0,3.0,2.0,0.0,2.0,2.0,1.0,0.0,0.0
2023,강서구,외발산동,946.0,22.0,65.0,161.0,116.0,124.0,149.0,173.0,97.0,36.0,3.0,0.0
2024,강서구,외발산동,941.0,20.0,52.0,183.0,123.0,108.0,145.0,168.0,97.0,41.0,4.0,0.0
2025,강서구,외발산동,953.0,16.0,50.0,194.0,128.0,103.0,160.0,151.0,107.0,37.0,7.0,0.0
2023,강서구,화곡동,216060.0,10363.0,14249.0,33143.0,37141.0,33102.0,32208.0,31055.0,17589.0,6377.0,808.0,25.0
2024,강서구,화곡동,211821.0,9302.0,13814.0,31224.0,36000.0,31871.0,32142.0,31138.0,18558.0,6868.0,879.0,25.0
2025,강서구,화곡동,209718.0,8489.0,13730.0,29314.0,35950.0,31165.0,31811.0,30938.0,20023.0,7322.0,952.0,24.0
2023,관악구,남현동,17592.0,725.0,693.0,3789.0,3658.0,2093.0,2376.0,2245.0,1388.0,554.0,71.0,0.0
2024,관악구,남현동,17409.0,665.0,687.0,3556.0,3802.0,2059.0,2301.0,2249.0,1405.0,608.0,75.0,2.0
2025,관악구,남현동,17157.0,590.0,698.0,3374.0,3790.0,2028.0,2237.0,2231.0,1476.0,642.0,90.0,1.0
2023,관악구,봉천동,220374.0,8671.0,12752.0,49935.0,40247.0,28173.0,28910.0,26069.0,17051.0,7742.0,802.0,22.0
2024,관악구,봉천동,218346.0,7945.0,12264.0,48545.0,41103.0,27034.0,28769.0,26081.0,17458.0,8237.0,889.0,21.0
2025,관악구,봉천동,218809.0,7410.0,11999.0,47809.0,42763.0,26332.0,28706.0,25730.0,18418.0,8612.0,1009.0,21.0
2023,관악구,신림동,240620.0,7070.0,11562.0,53241.0,43961.0,30730.0,33710.0,31585.0,19219.0,8587.0,926.0,29.0
2024,관악구,신림동,238645.0,6396.0,11077.0,51358.0,45277.0,29413.0,33349.0,31706.0,19951.0,9100.0,994.0,24.0
2025,관악구,신림동,238315.0,5925.0,10765.0,49851.0,46873.0,28809.0,32744.0,31530.0,21132.0,9557.0,1109.0,20.0
2023,광진구,광장동,33723.0,2415.0,5376.0,3830.0,3288.0,6801.0,5983.0,3404.0,1552.0,898.0,172.0,4.0
2024,광진구,광장동,33554.0,2373.0,5230.0,3728.0,3360.0,6582.0,5984.0,3561.0,1651.0,899.0,182.0,4.0
2025,광진구,광장동,32732.0,2323.0,5034.0,3503.0,3280.0,6420.0,5742.0,3557.0,1799.0,875.0,195.0,4.0
2023,광진구,구의동,76011.0,3738.0,5578.0,12080.0,12622.0,11133.0,12458.0,10269.0,5313.0,2486.0,321.0,13.0
2024,광진구,구의동,75353.0,3485.0,5474.0,11659.0,12588.0,10920.0,12350.0,10375.0,5553.0,2582.0,354.0,13.0
2025,광진구,구의동,74685.0,3173.0,5469.0,11181.0,12543.0,10736.0,12146.0,10428.0,5941.0,2637.0,421.0,10.0
2023,광진구,군자동,18923.0,645.0,933.0,4262.0,3424.0,2445.0,2585.0,2512.0,1377.0,673.0,65.0,2.0
2024,광진구,군자동,18580.0,576.0,911.0,4092.0,3416.0,2332.0,2494.0,2531.0,1424.0,720.0,79.0,5.0
2025,광진구,군자동,18312.0,517.0,908.0,3965.0,3421.0,2325.0,2392.0,2456.0,1505.0,727.0,94.0,2.0
2023,광진구,능동,11011.0,432.0,489.0,2224.0,2460.0,1594.0,1423.0,1282.0,729.0,343.0,33.0,2.0
2024,광진구,능동,10850.0,398.0,470.0,2148.0,2423.0,1579.0,1416.0,1258.0,748.0,376.0,34.0,0.0
2025,광진구,능동,10757.0,349.0,493.0,2073.0,2416.0,1541.0,1399.0,1231.0,832.0,384.0,39.0,0.0
2023,광진구,자양동,91859.0,4675.0,6359.0,13742.0,14670.0,13330.0,14800.0,13644.0,6939.0,3245.0,446.0,9.0
2024,광진구,자양동,91114.0,4269.0,6094.0,13437.0,14943.0,12832.0,14589.0,13718.0,7323.0,3365.0,531.0,13.0
2025,광진구,자양동,93781.0,4504.0,6245.0,13313.0,16474.0,13167.0,14573.0,13542.0,7933.0,3421.0,595.0,14.0
2023,광진구,중곡동,78543.0,3012.0,4398.0,12354.0,13425.0,10283.0,13298.0,12239.0,6487.0,2732.0,306.0,9.0
2024,광진구,중곡동,77398.0,2709.0,4164.0,11697.0,13522.0,9863.0,12869.0,12503.0,6792.0,2946.0,328.0,5.0
2025,광진구,중곡동,76025.0,2367.0,4036.0,10862.0,13575.0,9497.0,12328.0,12604.0,7268.0,3113.0,369.0,6.0
2023,광진구,화양동,22934.0,283.0,627.0,10200.0,4757.0,1973.0,1896.0,1623.0,1025.0,495.0,55.0,0.0
2024,광진구,화양동,22629.0,277.0,597.0,9973.0,4822.0,1905.0,1836.0,1558.0,1087.0,521.0,53.0,0.0
2025,광진구,화양동,22525.0,268.0,634.0,9796.0,4866.0,1877.0,1832.0,1516.0,1138.0,533.0,64.0,1.0
2023,구로구,가리봉동,8624.0,175.0,226.0,1618.0,1421.0,870.0,1526.0,1546.0,841.0,355.0,45.0,1.0
2024,구로구,가리봉동,8595.0,168.0,226.0,1537.0,1532.0,840.0,1447.0,1554.0,866.0,373.0,50.0,2.0
2025,구로구,가리봉동,8619.0,157.0,236.0,1442.0,1605.0,877.0,1383.0,1561.0,901.0,391.0,64.0,2.0
2023,구로구,개봉동,82059.0,4461.0,5482.0,9367.0,11355.0,11747.0,13544.0,14027.0,8397.0,3286.0,380.0,13.0
2024,구로구,개봉동,81213.0,4220.0,5228.0,8872.0,11394.0,11345.0,13345.0,13997.0,8901.0,3483.0,418.0,10.0
2025,구로구,개봉동,80782.0,3968.0,5155.0,8606.0,11738.0,11028.0,12963.0,13667.0,9497.0,3694.0,459.0,7.0
2023,구로구,고척동,52000.0,2937.0,3868.0,6411.0,8119.0,7199.0,8710.0,7918.0,4619.0,1981.0,229.0,9.0
2024,구로구,고척동,51714.0,2900.0,3759.0,6089.0,8137.0,6963.0,8655.0,7984.0,4855.0,2123.0,240.0,9.0
2025,구로구,고척동,50922.0,2842.0,3641.0,5669.0,8148.0,6751.0,8310.0,7887.0,5221.0,2169.0,277.0,7.0
2023,구로구,구로동,113275.0,5229.0,6677.0,17001.0,19162.0,16127.0,17728.0,16615.0,9863.0,4393.0,472.0,8.0
2024,구로구,구로동,111925.0,4916.0,6407.0,16070.0,19463.0,15477.0,17452.0,16720.0,10218.0,4638.0,555.0,9.0
2025,구로구,구로동,110038.0,4567.0,6168.0,14991.0,19530.0,14943.0,16952.0,16590.0,10827.0,4827.0,634.0,9.0
2023,구로구,궁동,13892.0,676.0,1138.0,1692.0,1703.0,2003.0,2377.0,2349.0,1299.0,589.0,63.0,3.0
2024,구로구,궁동,13757.0,616.0,1090.0,1610.0,1684.0,1894.0,2348.0,2460.0,1336.0,647.0,70.0,2.0
2025,구로구,궁동,13476.0,543.0,1026.0,1496.0,1648.0,1812.0,2292.0,2455.0,1452.0,678.0,74.0,0.0
2023,구로구,신도림동,35855.0,2980.0,3577.0,4168.0,5829.0,6461.0,5351.0,4203.0,2309.0,866.0,108.0,3.0
2024,구로구,신도림동,35853.0,2855.0,3605.0,4084.0,5858.0,6385.0,5406.0,4217.0,2442.0,874.0,123.0,4.0
2025,구로구,신도림동,35608.0,2684.0,3616.0,3913.0,5906.0,6301.0,5341.0,4117.0,2667.0,920.0,140.0,3.0
2023,구로구,오류동,43442.0,2113.0,2575.0,6447.0,7339.0,5979.0,6500.0,6465.0,4036.0,1767.0,215.0,6.0
2024,구로구,오류동,42619.0,1984.0,2493.0,6121.0,7169.0,5775.0,6387.0,6426.0,4162.0,1852.0,242.0,8.0
2025,구로구,오류동,42786.0,1866.0,2423.0,5971.0,7498.0,5659.0,6366.0,6341.0,4449.0,1968.0,242.0,3.0
2023,구로구,온수동,8738.0,445.0,677.0,919.0,1205.0,1374.0,1390.0,1523.0,872.0,289.0,44.0,0.0
2024,구로구,온수동,8559.0,393.0,671.0,853.0,1175.0,1295.0,1376.0,1496.0,930.0,325.0,43.0,2.0
2025,구로구,온수동,8270.0,355.0,633.0,854.0,1069.0,1224.0,1337.0,1397.0,1021.0,331.0,46.0,3.0
2023,구로구,천왕동,16198.0,962.0,2433.0,1761.0,1732.0,2909.0,2444.0,1914.0,1336.0,608.0,97.0,2.0
2024,구로구,천왕동,15753.0,792.0,2355.0,1681.0,1636.0,2681.0,2519.0,1923.0,1392.0,663.0,108.0,3.0
2025,구로구,천왕동,15457.0,669.0,2281.0,1637.0,1599.0,2451.0,2583.0,1921.0,1488.0,702.0,125.0,1.0
2023,구로구,항동,16310.0,2441.0,1498.0,1375.0,3009.0,3307.0,1825.0,1704.0,841.0,269.0,38.0,3.0
2024,구로구,항동,16139.0,2207.0,1629.0,1271.0,2729.0,3369.0,1911.0,1735.0,943.0,305.0,39.0,1.0
2025,구로구,항동,15917.0,1930.0,1782.0,1222.0,2496.0,3422.0,1924.0,1742.0,1034.0,311.0,52.0,2.0
2023,금천구,가산동,24453.0,574.0,611.0,6970.0,6545.0,2771.0,2654.0,2550.0,1259.0,473.0,45.0,1.0
2024,금천구,가산동,24665.0,529.0,582.0,6834.0,6886.0,2781.0,2612.0,2557.0,1319.0,502.0,58.0,5.0
2025,금천구,가산동,25188.0,531.0,534.0,6566.0,7513.0,2863.0,2583.0,2569.0,1419.0,550.0,56.0,4.0
2023,금천구,독산동,101633.0,4852.0,5235.0,15954.0,18441.0,13196.0,16653.0,15758.0,7899.0,3243.0,390.0,12.0
2024,금천구,독산동,101166.0,4480.0,5087.0,15448.0,18797.0,12744.0,16117.0,16193.0,8374.0,3497.0,419.0,10.0
2025,금천구,독산동,100559.0,4113.0,4998.0,14548.0,19541.0,12529.0,15439.0,16340.0,8899.0,3661.0,483.0,8.0
2023,금천구,시흥동,99960.0,4449.0,7045.0,11964.0,12806.0,13297.0,17757.0,17746.0,9850.0,4504.0,525.0,17.0
2024,금천구,시흥동,97978.0,4010.0,6716.0,11220.0,12680.0,12546.0,17257.0,17869.0,10379.0,4708.0,574.0,19.0
2025,금천구,시흥동,96364.0,3673.0,6480.0,10550.0,12534.0,11999.0,16687.0,17838.0,11042.0,4885.0,662.0,14.0
2023,노원구,공릉동,77115.0,4377.0,6598.0,13468.0,10363.0,11467.0,11735.0,10710.0,5623.0,2431.0,339.0,4.0
2024,노원구,공릉동,76533.0,4031.0,6395.0,13439.0,10335.0,11073.0,11813.0,10609.0,5899.0,2578.0,351.0,10.0
2025,노원구,공릉동,75538.0,3757.0,6221.0,13044.0,10265.0,10706.0,11654.0,10421.0,6371.0,2688.0,406.0,5.0
2023,노원구,상계동,196501.0,10814.0,15875.0,24426.0,26830.0,28433.0,34791.0,30277.0,15836.0,7992.0,1181.0,46.0
2024,노원구,상계동,193642.0,9906.0,15186.0,23346.0,26824.0,27069.0,34372.0,30415.0,16919.0,8253.0,1307.0,45.0
2025,노원구,상계동,190679.0,9230.0,14646.0,21988.0,26875.0,25902.0,33537.0,30248.0,18338.0,8437.0,1437.0,41.0
2023,노원구,월계동,74402.0,3967.0,5248.0,9495.0,9409.0,10649.0,12075.0,12157.0,7467.0,3426.0,495.0,14.0
2024,노원구,월계동,73405.0,3666.0,5087.0,9135.0,9314.0,10249.0,11946.0,12068.0,7832.0,3563.0,528.0,17.0
2025,노원구,월계동,72422.0,3415.0,4930.0,8800.0,9476.0,9776.0,11708.0,11761.0,8318.0,3666.0,557.0,15.0
2023,노원구,중계동,100617.0,5165.0,14051.0,11632.0,9095.0,17596.0,18585.0,12732.0,7269.0,3909.0,569.0,14.0
2024,노원구,중계동,98963.0,4923.0,13637.0,11075.0,9073.0,16739.0,18585.0,12865.0,7445.0,3981.0,628.0,12.0
2025,노원구,중계동,97900.0,4588.0,13427.0,10552.0,9172.0,16192.0,18279.0,12898.0,7967.0,4119.0,693.0,13.0
2023,노원구,하계동,47232.0,2081.0,5316.0,7124.0,5080.0,6754.0,8587.0,6768.0,3382.0,1850.0,287.0,3.0
2024,노원구,하계동,46429.0,1946.0,5024.0,7008.0,5020.0,6319.0,8476.0,6890.0,3591.0,1855.0,292.0,8.0
2025,노원구,하계동,44834.0,1893.0,4794.0,6615.0,5084.0,6022.0,8072.0,6707.0,3615.0,1695.0,329.0,8.0
2023,도봉구,도봉동,45716.0,2031.0,2410.0,4827.0,5346.0,5852.0,7638.0,8785.0,5754.0,2720.0,340.0,13.0
2024,도봉구,도봉동,45301.0,1877.0,2316.0,4519.0,5315.0,5701.0,7439.0,8795.0,6069.0,2891.0,369.0,10.0
2025,도봉구,도봉동,44727.0,1691.0,2320.0,4155.0,5209.0,5510.0,7325.0,8579.0,6476.0,3043.0,405.0,14.0
2023,도봉구,방학동,71955.0,3329.0,5822.0,8336.0,7817.0,9771.0,12977.0,13138.0,6887.0,3397.0,468.0,13.0
2024,도봉구,방학동,70755.0,2977.0,5603.0,7905.0,7723.0,9284.0,12690.0,13190.0,7340.0,3524.0,504.0,15.0
2025,도봉구,방학동,70284.0,2707.0,5549.0,7389.0,7724.0,9209.0,12374.0,13184.0,7906.0,3640.0,584.0,18.0
2023,도봉구,쌍문동,72660.0,3285.0,5233.0,9417.0,9142.0,10030.0,12691.0,12338.0,6582.0,3480.0,452.0,10.0
2024,도봉구,쌍문동,71803.0,3007.0,5113.0,8885.0,9014.0,9698.0,12440.0,12512.0,7018.0,3612.0,490.0,14.0
2025,도봉구,쌍문동,71041.0,2709.0,5055.0,8395.0,8870.0,9453.0,12181.0,12395.0,7670.0,3762.0,540.0,11.0
2023,도봉구,창동,114660.0,5580.0,8863.0,14732.0,15082.0,16510.0,20385.0,18292.0,9615.0,4918.0,664.0,19.0
2024,도봉구,창동,113452.0,5094.0,8522.0,14214.0,15134.0,15729.0,20182.0,18553.0,10121.0,5189.0,694.0,20.0
2025,도봉구,창동,112037.0,4716.0,8235.0,13236.0,15303.0,15183.0,19588.0,18694.0,10945.0,5322.0,792.0,23.0
2023,동대문구,답십리동,55010.0,3865.0,3611.0,6988.0,9058.0,8381.0,8512.0,7897.0,4294.0,2149.0,247.0,8.0
2024,동대문구,답십리동,54592.0,3637.0,3579.0,6699.0,9172.0,8234.0,8311.0,7908.0,4526.0,2242.0,279.0,5.0
2025,동대문구,답십리동,54265.0,3478.0,3526.0,6350.0,9378.0,8132.0,8139.0,7870.0,4780.0,2294.0,313.0,5.0
2023,동대문구,신설동,3639.0,60.0,78.0,993.0,802.0,416.0,458.0,506.0,192.0,124.0,10.0,0.0
2024,동대문구,신설동,3670.0,65.0,69.0,1021.0,834.0,422.0,441.0,504.0,187.0,114.0,13.0,0.0
2025,동대문구,신설동,3934.0,65.0,81.0,1059.0,1001.0,472.0,420.0,491.0,214.0,118.0,13.0,0.0
2023,동대문구,용두동,34485.0,1925.0,1815.0,5985.0,6193.0,5074.0,5051.0,4473.0,2489.0,1331.0,142.0,7.0
2024,동대문구,용두동,34674.0,1769.0,1806.0,5862.0,6331.0,4967.0,5215.0,4552.0,2640.0,1361.0,167.0,4.0
2025,동대문구,용두동,34765.0,1683.0,1793.0,5742.0,6353.0,4935.0,5254.0,4577.0,2823.0,1400.0,201.0,4.0
2023,동대문구,이문동,36920.0,1570.0,2700.0,7786.0,4326.0,4686.0,5774.0,4907.0,3242.0,1752.0,171.0,6.0
2024,동대문구,이문동,35335.0,1474.0,2560.0,7479.0,4117.0,4346.0,5467.0,4738.0,3173.0,1777.0,198.0,6.0
2025,동대문구,이문동,42352.0,2361.0,3102.0,8303.0,6172.0,5489.0,6388.0,5134.0,3326.0,1844.0,229.0,4.0
2023,동대문구,장안동,69631.0,4597.0,5323.0,8566.0,10637.0,11803.0,10683.0,9974.0,5577.0,2203.0,257.0,11.0
2024,동대문구,장안동,69578.0,4347.0,5336.0,8311.0,10732.0,11507.0,10679.0,10117.0,5915.0,2338.0,287.0,9.0
2025,동대문구,장안동,69418.0,4013.0,5335.0,8111.0,10799.0,11277.0,10649.0,10084.0,6327.0,2503.0,314.0,6.0
2023,동대문구,전농동,49776.0,2958.0,3609.0,6828.0,6552.0,7339.0,8358.0,7520.0,4193.0,2173.0,239.0,7.0
2024,동대문구,전농동,50201.0,2819.0,3587.0,6848.0,6843.0,7264.0,8385.0,7570.0,4363.0,2218.0,295.0,9.0
2025,동대문구,전농동,49329.0,2627.0,3514.0,6386.0,6977.0,6908.0,8215.0,7494.0,4579.0,2295.0,323.0,11.0
2023,동대문구,제기동,22824.0,794.0,1158.0,4340.0,2953.0,2581.0,3430.0,3664.0,2433.0,1318.0,146.0,7.0
2024,동대문구,제기동,22710.0,710.0,1139.0,4330.0,3056.0,2463.0,3375.0,3674.0,2457.0,1338.0,164.0,4.0
2025,동대문구,제기동,22094.0,678.0,1054.0,4217.0,3116.0,2330.0,3234.0,3460.0,2498.0,1322.0,180.0,5.0
2023,동대문구,청량리동,18520.0,618.0,919.0,2230.0,2145.0,2119.0,2987.0,3732.0,2379.0,1202.0,187.0,2.0
2024,동대문구,청량리동,18252.0,554.0,871.0,2162.0,2141.0,2041.0,2877.0,3718.0,2407.0,1261.0,217.0,3.0
2025,동대문구,청량리동,17791.0,504.0,826.0,1972.0,2129.0,1930.0,2735.0,3604.0,2581.0,1270.0,235.0,5.0
2023,동대문구,회기동,10295.0,310.0,699.0,3462.0,1459.0,1134.0,1198.0,952.0,626.0,401.0,52.0,2.0
2024,동대문구,회기동,10131.0,282.0,676.0,3363.0,1485.0,1103.0,1169.0,939.0,644.0,406.0,61.0,3.0
2025,동대문구,회기동,10012.0,276.0,653.0,3356.0,1492.0,1043.0,1154.0,894.0,666.0,409.0,67.0,2.0
2023,동대문구,휘경동,37631.0,1595.0,2635.0,9501.0,5076.0,4700.0,5382.0,4432.0,2788.0,1355.0,162.0,5.0
2024,동대문구,휘경동,37252.0,1511.0,2589.0,9281.0,5165.0,4489.0,5332.0,4393.0,2911.0,1397.0,178.0,6.0
2025,동대문구,휘경동,40055.0,1812.0,2694.0,9380.0,6276.0,4860.0,5483.0,4659.0,3157.0,1521.0,206.0,7.0
2023,동작구,노량진동,31055.0,1075.0,1543.0,6414.0,5660.0,3606.0,4270.0,4384.0,2594.0,1319.0,187.0,3.0
2024,동작구,노량진동,29729.0,974.0,1378.0,6358.0,5822.0,3386.0,3847.0,4047.0,2469.0,1262.0,182.0,4.0
2025,동작구,노량진동,29777.0,922.0,1342.0,6276.0,6147.0,3329.0,3724.0,3972.0,2576.0,1280.0,205.0,4.0
2023,동작구,대방동,35463.0,1622.0,3549.0,6085.0,4929.0,5550.0,5665.0,4150.0,2515.0,1203.0,190.0,5.0
2024,동작구,대방동,34785.0,1434.0,3479.0,5745.0,5024.0,5250.0,5659.0,4162.0,2569.0,1260.0,196.0,7.0
2025,동작구,대방동,33531.0,1318.0,3363.0,5354.0,4942.0,5031.0,5456.0,3924.0,2683.0,1231.0,223.0,6.0
2023,동작구,동작동,5529.0,430.0,443.0,653.0,686.0,941.0,984.0,735.0,428.0,200.0,27.0,2.0
2024,동작구,동작동,5481.0,373.0,450.0,618.0,694.0,879.0,1022.0,728.0,466.0,214.0,34.0,3.0
2025,동작구,동작동,5415.0,347.0,431.0,596.0,697.0,828.0,1014.0,726.0,499.0,240.0,36.0,1.0
2023,동작구,본동,10769.0,662.0,657.0,1277.0,1907.0,1556.0,1666.0,1610.0,893.0,468.0,70.0,3.0
2024,동작구,본동,10563.0,607.0,620.0,1203.0,1904.0,1523.0,1626.0,1584.0,939.0,475.0,80.0,2.0
2025,동작구,본동,10346.0,554.0,637.0,1091.0,1882.0,1511.0,1552.0,1542.0,1016.0,475.0,84.0,2.0
2023,동작구,사당동,96007.0,4994.0,5223.0,15216.0,16919.0,13630.0,13745.0,13609.0,8678.0,3568.0,411.0,14.0
2024,동작구,사당동,95098.0,4644.0,5098.0,14594.0,17158.0,13178.0,13574.0,13562.0,9011.0,3785.0,484.0,10.0
2025,동작구,사당동,94094.0,4306.0,4984.0,13898.0,17402.0,12838.0,13416.0,13271.0,9455.0,4002.0,512.0,10.0
2023,동작구,상도1동,9601.0,303.0,548.0,3662.0,1313.0,980.0,938.0,877.0,616.0,316.0,46.0,2.0
2024,동작구,상도1동,9691.0,290.0,546.0,3743.0,1307.0,961.0,964.0,883.0,612.0,333.0,49.0,3.0
2025,동작구,상도1동,9699.0,246.0,532.0,3786.0,1333.0,907.0,974.0,865.0,635.0,365.0,55.0,1.0
2023,동작구,상도동,112933.0,5979.0,7734.0,18802.0,17283.0,16291.0,17512.0,15336.0,9100.0,4356.0,528.0,12.0
2024,동작구,상도동,113277.0,5588.0,7520.0,18604.0,17508.0,15881.0,17790.0,15734.0,9427.0,4611.0,595.0,19.0
2025,동작구,상도동,112379.0,5219.0,7464.0,17862.0,17524.0,15462.0,17668.0,15728.0,10009.0,4764.0,662.0,17.0
2023,동작구,신대방동,45125.0,2727.0,3990.0,6948.0,6867.0,6959.0,6956.0,5582.0,3305.0,1595.0,192.0,4.0
2024,동작구,신대방동,44701.0,2508.0,3824.0,6742.0,6988.0,6579.0,7012.0,5681.0,3436.0,1701.0,224.0,6.0
2025,동작구,신대방동,44632.0,2303.0,3787.0,6695.0,7241.0,6330.0,6989.0,5620.0,3608.0,1810.0,242.0,7.0
2023,동작구,흑석동,29719.0,2259.0,2241.0,4498.0,4030.0,4621.0,4882.0,3723.0,2110.0,1160.0,194.0,1.0
2024,동작구,흑석동,29858.0,2186.0,2204.0,4324.0,4114.0,4564.0,4901.0,3892.0,2254.0,1209.0,208.0,2.0
2025,동작구,흑석동,29637.0,2099.0,2237.0,4176.0,4079.0,4473.0,4834.0,3926.0,2339.0,1238.0,231.0,5.0
2023,마포구,공덕동,25152.0,1691.0,1690.0,3568.0,4817.0,3913.0,3952.0,2991.0,1532.0,883.0,109.0,6.0
2024,마포구,공덕동,25223.0,1604.0,1759.0,3355.0,4989.0,3944.0,3880.0,3081.0,1610.0,888.0,109.0,4.0
2025,마포구,공덕동,25012.0,1478.0,1828.0,3168.0,4907.0,3985.0,3794.0,3116.0,1709.0,904.0,118.0,5.0
2023,마포구,구수동,752.0,24.0,55.0,107.0,144.0,123.0,108.0,96.0,58.0,30.0,7.0,0.0
2024,마포구,구수동,759.0,24.0,57.0,105.0,143.0,120.0,112.0,96.0,63.0,32.0,6.0,1.0
2025,마포구,구수동,731.0,20.0,48.0,101.0,142.0,106.0,118.0,91.0,68.0,29.0,7.0,1.0
2023,마포구,노고산동,5635.0,61.0,166.0,1989.0,1234.0,603.0,564.0,515.0,288.0,186.0,25.0,4.0
2024,마포구,노고산동,5574.0,57.0,163.0,1958.0,1244.0,572.0,554.0,514.0,286.0,194.0,29.0,3.0
2025,마포구,노고산동,5496.0,76.0,140.0,1839.0,1300.0,585.0,561.0,475.0,297.0,198.0,23.0,2.0
2023,마포구,당인동,1011.0,26.0,38.0,211.0,251.0,134.0,112.0,116.0,75.0,44.0,4.0,0.0
2024,마포구,당인동,976.0,23.0,27.0,204.0,242.0,128.0,111.0,114.0,77.0,45.0,5.0,0.0
2025,마포구,당인동,954.0,16.0,29.0,199.0,244.0,130.0,100.0,110.0,70.0,47.0,9.0,0.0
2023,마포구,대흥동,16306.0,1069.0,1380.0,2626.0,2387.0,2589.0,2566.0,1915.0,1044.0,635.0,95.0,0.0
2024,마포구,대흥동,16197.0,991.0,1416.0,2553.0,2408.0,2512.0,2582.0,1953.0,1054.0,626.0,101.0,1.0
2025,마포구,대흥동,16113.0,938.0,1460.0,2489.0,2370.0,2487.0,2559.0,1978.0,1101.0,620.0,107.0,4.0
2023,마포구,도화동,21137.0,1363.0,1498.0,2577.0,3859.0,3200.0,3319.0,2797.0,1461.0,909.0,149.0,5.0
2024,마포구,도화동,21122.0,1297.0,1504.0,2478.0,3904.0,3160.0,3333.0,2848.0,1521.0,910.0,165.0,2.0
2025,마포구,도화동,20947.0,1227.0,1491.0,2360.0,3935.0,3147.0,3261.0,2830.0,1564.0,920.0,209.0,3.0
2023,마포구,동교동,3449.0,82.0,123.0,858.0,794.0,460.0,414.0,320.0,228.0,146.0,24.0,0.0
2024,마포구,동교동,3331.0,62.0,124.0,777.0,766.0,471.0,395.0,325.0,240.0,147.0,24.0,0.0
2025,마포구,동교동,3243.0,54.0,113.0,736.0,741.0,452.0,401.0,326.0,243.0,151.0,26.0,0.0
2023,마포구,마포동,2650.0,147.0,139.0,387.0,589.0,386.0,407.0,334.0,160.0,93.0,8.0,0.0
2024,마포구,마포동,2658.0,134.0,147.0,367.0,586.0,385.0,413.0,344.0,177.0,91.0,14.0,0.0
2025,마포구,마포동,2621.0,123.0,148.0,352.0,596.0,375.0,413.0,332.0,180.0,89.0,13.0,0.0
2023,마포구,망원동,36815.0,1599.0,2437.0,5627.0,6453.0,5728.0,5743.0,4632.0,2950.0,1478.0,165.0,3.0
2024,마포구,망원동,36014.0,1423.0,2283.0,5344.0,6421.0,5515.0,5696.0,4620.0,2981.0,1547.0,181.0,3.0
2025,마포구,망원동,35364.0,1255.0,2168.0,5080.0,6441.0,5301.0,5629.0,4585.0,3109.0,1602.0,191.0,3.0
2023,마포구,상수동,7379.0,420.0,411.0,1663.0,1358.0,1123.0,950.0,729.0,462.0,233.0,30.0,0.0
2024,마포구,상수동,7348.0,397.0,383.0,1670.0,1345.0,1099.0,978.0,716.0,481.0,247.0,32.0,0.0
2025,마포구,상수동,7229.0,376.0,386.0,1576.0,1317.0,1079.0,996.0,711.0,499.0,252.0,37.0,0.0
2023,마포구,상암동,29498.0,1858.0,3736.0,4215.0,3506.0,5048.0,5007.0,3248.0,1835.0,911.0,132.0,2.0
2024,마포구,상암동,29267.0,1751.0,3498.0,4205.0,3589.0,4768.0,5104.0,3354.0,1887.0,942.0,167.0,2.0
2025,마포구,상암동,28961.0,1639.0,3385.0,4124.0,3617.0,4514.0,5167.0,3323.0,2055.0,958.0,176.0,3.0
2023,마포구,서교동,19055.0,570.0,831.0,4431.0,4226.0,2770.0,2537.0,1789.0,1170.0,617.0,114.0,0.0
2024,마포구,서교동,18843.0,540.0,815.0,4263.0,4222.0,2713.0,2538.0,1853.0,1162.0,617.0,119.0,1.0
2025,마포구,서교동,18663.0,510.0,826.0,4059.0,4262.0,2675.0,2505.0,1882.0,1197.0,620.0,125.0,2.0
2023,마포구,성산동,47133.0,1989.0,3029.0,8213.0,8835.0,6934.0,7023.0,5468.0,3588.0,1836.0,210.0,8.0
2024,마포구,성산동,47002.0,1832.0,2930.0,8147.0,9082.0,6657.0,7049.0,5510.0,3605.0,1937.0,243.0,10.0
2025,마포구,성산동,46570.0,1736.0,2772.0,7871.0,9224.0,6392.0,7048.0,5476.0,3765.0,2014.0,264.0,8.0
2023,마포구,신공덕동,12333.0,793.0,805.0,1951.0,2237.0,1796.0,1999.0,1488.0,747.0,459.0,58.0,0.0
2024,마포구,신공덕동,12191.0,732.0,810.0,1827.0,2256.0,1807.0,1957.0,1515.0,762.0,460.0,65.0,0.0
2025,마포구,신공덕동,12197.0,714.0,818.0,1712.0,2361.0,1838.0,1910.0,1518.0,781.0,466.0,78.0,1.0
2023,마포구,신수동,15259.0,942.0,1173.0,2716.0,2286.0,2234.0,2489.0,1738.0,1021.0,594.0,63.0,3.0
2024,마포구,신수동,15320.0,888.0,1181.0,2785.0,2256.0,2207.0,2550.0,1732.0,1045.0,606.0,70.0,0.0
2025,마포구,신수동,15154.0,839.0,1155.0,2699.0,2307.0,2160.0,2522.0,1680.0,1095.0,617.0,79.0,1.0
2023,마포구,신정동,1533.0,120.0,122.0,169.0,271.0,249.0,266.0,185.0,91.0,50.0,10.0,0.0
2024,마포구,신정동,1520.0,113.0,116.0,159.0,286.0,222.0,272.0,200.0,88.0,54.0,10.0,0.0
2025,마포구,신정동,1508.0,94.0,116.0,177.0,274.0,206.0,279.0,204.0,84.0,59.0,15.0,0.0
2023,마포구,아현동,28034.0,2432.0,1724.0,3520.0,5241.0,4432.0,4385.0,3604.0,1656.0,908.0,131.0,1.0
2024,마포구,아현동,28131.0,2376.0,1720.0,3437.0,5261.0,4459.0,4420.0,3660.0,1714.0,949.0,133.0,2.0
2025,마포구,아현동,27987.0,2298.0,1814.0,3119.0,5315.0,4538.0,4345.0,3673.0,1785.0,947.0,152.0,1.0
2023,마포구,연남동,14092.0,455.0,675.0,2872.0,2908.0,2082.0,1898.0,1598.0,954.0,565.0,80.0,5.0
2024,마포구,연남동,13961.0,442.0,621.0,2762.0,2986.0,1994.0,1932.0,1583.0,965.0,585.0,86.0,5.0
2025,마포구,연남동,13665.0,413.0,605.0,2558.0,2964.0,1937.0,1897.0,1560.0,1036.0,593.0,100.0,2.0
2023,마포구,염리동,17921.0,1430.0,1919.0,2446.0,2796.0,3349.0,2657.0,1724.0,965.0,568.0,67.0,0.0
2024,마포구,염리동,17927.0,1415.0,1934.0,2366.0,2740.0,3380.0,2696.0,1731.0,983.0,597.0,83.0,2.0
2025,마포구,염리동,17891.0,1363.0,2031.0,2289.0,2658.0,3413.0,2749.0,1679.0,1032.0,580.0,95.0,2.0
2023,마포구,용강동,7305.0,694.0,848.0,661.0,998.0,1593.0,1097.0,759.0,400.0,214.0,41.0,0.0
2024,마포구,용강동,7339.0,655.0,864.0,661.0,1020.0,1547.0,1146.0,766.0,409.0,227.0,44.0,0.0
2025,마포구,용강동,7278.0,628.0,851.0,644.0,1007.0,1465.0,1187.0,787.0,423.0,244.0,41.0,1.0
2023,마포구,중동,9655.0,529.0,1167.0,1308.0,1177.0,1535.0,1790.0,1237.0,561.0,291.0,59.0,1.0
2024,마포구,중동,9552.0,486.0,1107.0,1318.0,1173.0,1456.0,1789.0,1264.0,608.0,288.0,62.0,1.0
2025,마포구,중동,9432.0,476.0,1016.0,1296.0,1213.0,1383.0,1737.0,1279.0,656.0,305.0,70.0,1.0
2023,마포구,창전동,14526.0,1030.0,1119.0,2615.0,2249.0,2300.0,2325.0,1583.0,787.0,448.0,68.0,2.0
2024,마포구,창전동,14499.0,976.0,1117.0,2591.0,2271.0,2217.0,2340.0,1602.0,823.0,481.0,81.0,0.0
2025,마포구,창전동,14515.0,911.0,1129.0,2584.0,2302.0,2161.0,2327.0,1634.0,870.0,506.0,91.0,0.0
2023,마포구,토정동,1241.0,150.0,66.0,96.0,305.0,227.0,179.0,125.0,52.0,33.0,8.0,0.0
2024,마포구,토정동,1212.0,136.0,65.0,88.0,288.0,234.0,169.0,139.0,46.0,38.0,9.0,0.0
2025,마포구,토정동,1217.0,140.0,62.0,93.0,285.0,225.0,162.0,154.0,51.0,35.0,10.0,0.0
2023,마포구,하중동,1457.0,118.0,99.0,197.0,174.0,190.0,298.0,252.0,74.0,46.0,9.0,0.0
2024,마포구,하중동,1415.0,97.0,107.0,191.0,161.0,174.0,301.0,253.0,79.0,43.0,9.0,0.0
2025,마포구,하중동,1407.0,92.0,118.0,166.0,159.0,182.0,296.0,254.0,87.0,43.0,10.0,0.0
2023,마포구,합정동,16182.0,644.0,706.0,2997.0,3563.0,2420.0,2169.0,1892.0,1104.0,594.0,91.0,2.0
2024,마포구,합정동,15875.0,553.0,694.0,2765.0,3665.0,2306.0,2150.0,1894.0,1127.0,619.0,101.0,1.0
2025,마포구,합정동,15479.0,489.0,698.0,2520.0,3615.0,2293.0,2077.0,1887.0,1164.0,643.0,90.0,3.0
2023,마포구,현석동,4963.0,372.0,439.0,602.0,749.0,913.0,927.0,575.0,241.0,127.0,18.0,0.0
2024,마포구,현석동,4994.0,372.0,433.0,568.0,777.0,892.0,924.0,601.0,263.0,141.0,22.0,1.0
2025,마포구,현석동,4982.0,342.0,443.0,550.0,774.0,883.0,900.0,622.0,299.0,141.0,27.0,1.0
2023,서대문구,남가좌동,45482.0,4258.0,4223.0,5613.0,6288.0,8094.0,6784.0,5178.0,3153.0,1683.0,203.0,5.0
2024,서대문구,남가좌동,45212.0,3999.0,4346.0,5431.0,6203.0,7940.0,6887.0,5166.0,3248.0,1756.0,227.0,9.0
2025,서대문구,남가좌동,44946.0,3705.0,4521.0,5250.0,6001.0,7957.0,6800.0,5230.0,3416.0,1805.0,255.0,6.0
2023,서대문구,냉천동,3036.0,250.0,238.0,343.0,434.0,490.0,557.0,396.0,213.0,107.0,8.0,0.0
2024,서대문구,냉천동,2976.0,228.0,219.0,344.0,426.0,466.0,537.0,411.0,225.0,107.0,13.0,0.0
2025,서대문구,냉천동,2979.0,213.0,214.0,342.0,432.0,465.0,526.0,428.0,237.0,106.0,16.0,0.0
2023,서대문구,대신동,1546.0,52.0,95.0,621.0,251.0,156.0,134.0,104.0,68.0,59.0,5.0,1.0
2024,서대문구,대신동,1526.0,41.0,104.0,621.0,229.0,152.0,139.0,110.0,60.0,61.0,8.0,1.0
2025,서대문구,대신동,1508.0,36.0,93.0,646.0,217.0,141.0,124.0,117.0,62.0,63.0,8.0,1.0
2023,서대문구,대현동,6716.0,156.0,360.0,3233.0,1052.0,565.0,621.0,368.0,204.0,136.0,21.0,0.0
2024,서대문구,대현동,6772.0,151.0,351.0,3309.0,1074.0,541.0,606.0,370.0,214.0,130.0,23.0,3.0
2025,서대문구,대현동,6684.0,161.0,346.0,3195.0,1078.0,543.0,594.0,379.0,233.0,130.0,24.0,1.0
2023,서대문구,미근동,429.0,3.0,5.0,88.0,84.0,58.0,53.0,52.0,54.0,27.0,5.0,0.0
2024,서대문구,미근동,443.0,3.0,8.0,92.0,80.0,67.0,55.0,53.0,51.0,30.0,4.0,0.0
2025,서대문구,미근동,445.0,3.0,5.0,82.0,81.0,70.0,59.0,55.0,51.0,36.0,3.0,0.0
2023,서대문구,봉원동,367.0,16.0,26.0,51.0,38.0,46.0,67.0,54.0,35.0,29.0,5.0,0.0
2024,서대문구,봉원동,355.0,16.0,24.0,44.0,42.0,43.0,62.0,55.0,31.0,34.0,4.0,0.0
2025,서대문구,봉원동,358.0,16.0,24.0,52.0,40.0,37.0,60.0,65.0,30.0,31.0,2.0,1.0
2023,서대문구,북가좌동,47962.0,2321.0,4058.0,6116.0,6217.0,7260.0,8097.0,7182.0,4292.0,2159.0,251.0,9.0
2024,서대문구,북가좌동,47294.0,2135.0,3908.0,5884.0,6191.0,6900.0,8082.0,7247.0,4406.0,2278.0,257.0,6.0
2025,서대문구,북가좌동,46697.0,1957.0,3832.0,5590.0,6153.0,6629.0,8004.0,7235.0,4668.0,2301.0,321.0,7.0
2023,서대문구,북아현동,27320.0,2074.0,1863.0,3562.0,4491.0,4264.0,4494.0,3590.0,1816.0,1013.0,148.0,5.0
2024,서대문구,북아현동,27110.0,1955.0,1874.0,3437.0,4520.0,4105.0,4485.0,3677.0,1854.0,1037.0,160.0,6.0
2025,서대문구,북아현동,26720.0,1823.0,1895.0,3167.0,4562.0,4053.0,4339.0,3720.0,1935.0,1041.0,179.0,6.0
2023,서대문구,신촌동,827.0,31.0,47.0,299.0,128.0,72.0,97.0,69.0,43.0,32.0,9.0,0.0
2024,서대문구,신촌동,834.0,20.0,49.0,318.0,126.0,70.0,107.0,61.0,47.0,27.0,9.0,0.0
2025,서대문구,신촌동,838.0,23.0,48.0,319.0,128.0,70.0,100.0,67.0,45.0,27.0,11.0,0.0
2023,서대문구,연희동,33586.0,1302.0,2006.0,7561.0,5328.0,4368.0,4809.0,3994.0,2495.0,1491.0,224.0,8.0
2024,서대문구,연희동,33231.0,1160.0,1966.0,7378.0,5306.0,4285.0,4798.0,4019.0,2526.0,1545.0,239.0,9.0
2025,서대문구,연희동,32742.0,1054.0,1921.0,7103.0,5376.0,4085.0,4740.0,3982.0,2646.0,1546.0,280.0,9.0
2023,서대문구,영천동,2843.0,170.0,250.0,358.0,332.0,352.0,545.0,467.0,207.0,142.0,20.0,0.0
2024,서대문구,영천동,2884.0,176.0,250.0,349.0,344.0,366.0,536.0,463.0,231.0,142.0,27.0,0.0
2025,서대문구,영천동,2836.0,164.0,238.0,347.0,329.0,347.0,519.0,470.0,250.0,138.0,34.0,0.0
2023,서대문구,옥천동,949.0,19.0,37.0,141.0,135.0,102.0,163.0,168.0,96.0,80.0,8.0,0.0
2024,서대문구,옥천동,954.0,20.0,36.0,138.0,143.0,102.0,152.0,164.0,105.0,85.0,9.0,0.0
2025,서대문구,옥천동,931.0,17.0,33.0,125.0,153.0,94.0,145.0,162.0,113.0,79.0,10.0,0.0
2023,서대문구,창천동,10388.0,209.0,316.0,4226.0,2133.0,965.0,907.0,772.0,516.0,309.0,34.0,1.0
2024,서대문구,창천동,10362.0,192.0,334.0,4083.0,2201.0,1010.0,910.0,755.0,519.0,318.0,40.0,0.0
2025,서대문구,창천동,10403.0,143.0,321.0,4051.0,2317.0,995.0,932.0,734.0,537.0,334.0,39.0,0.0
2023,서대문구,천연동,4527.0,295.0,402.0,519.0,703.0,767.0,681.0,551.0,368.0,218.0,22.0,1.0
2024,서대문구,천연동,4554.0,300.0,390.0,498.0,736.0,740.0,713.0,556.0,375.0,222.0,22.0,2.0
2025,서대문구,천연동,4502.0,279.0,386.0,466.0,747.0,698.0,737.0,552.0,377.0,232.0,27.0,1.0
2023,서대문구,합동,1055.0,76.0,58.0,153.0,276.0,209.0,156.0,67.0,36.0,18.0,6.0,0.0
2024,서대문구,합동,1096.0,75.0,66.0,157.0,281.0,217.0,152.0,87.0,38.0,17.0,6.0,0.0
2025,서대문구,합동,1079.0,67.0,63.0,160.0,268.0,230.0,144.0,87.0,36.0,20.0,4.0,0.0
2023,서대문구,현저동,5073.0,274.0,334.0,568.0,692.0,676.0,924.0,787.0,451.0,309.0,57.0,1.0
2024,서대문구,현저동,5009.0,273.0,305.0,555.0,705.0,647.0,887.0,812.0,466.0,306.0,52.0,1.0
2025,서대문구,현저동,4941.0,283.0,301.0,504.0,698.0,638.0,859.0,812.0,493.0,291.0,61.0,1.0
2023,서대문구,홍은동,50276.0,2721.0,3685.0,6747.0,6915.0,7114.0,8621.0,7635.0,4152.0,2363.0,311.0,12.0
2024,서대문구,홍은동,49810.0,2585.0,3596.0,6434.0,6889.0,6851.0,8514.0,7833.0,4381.0,2380.0,334.0,13.0
2025,서대문구,홍은동,50105.0,2411.0,3609.0,6197.0,7137.0,6892.0,8422.0,7946.0,4678.0,2420.0,383.0,10.0
2023,서대문구,홍제동,55223.0,3102.0,3729.0,6867.0,7868.0,7510.0,9623.0,8521.0,4875.0,2808.0,309.0,11.0
2024,서대문구,홍제동,54000.0,2897.0,3516.0,6500.0,7801.0,7121.0,9426.0,8502.0,5014.0,2870.0,344.0,9.0
2025,서대문구,홍제동,53198.0,2717.0,3431.0,6173.0,7743.0,6974.0,9158.0,8455.0,5216.0,2945.0,380.0,6.0
2023,서초구,내곡동,8221.0,767.0,836.0,781.0,967.0,1471.0,1164.0,1226.0,702.0,269.0,37.0,1.0
2024,서초구,내곡동,7988.0,642.0,895.0,723.0,937.0,1394.0,1135.0,1181.0,774.0,271.0,35.0,1.0
2025,서초구,내곡동,7979.0,607.0,946.0,669.0,931.0,1367.0,1133.0,1153.0,849.0,278.0,46.0,0.0
2023,서초구,반포동,74937.0,6531.0,9900.0,8193.0,9484.0,14764.0,11566.0,7587.0,4791.0,1841.0,273.0,7.0
2024,서초구,반포동,77882.0,6687.0,10414.0,8315.0,9555.0,15379.0,12250.0,7776.0,5119.0,2068.0,309.0,10.0
2025,서초구,반포동,77368.0,6366.0,10564.0,8047.0,9135.0,15297.0,12405.0,7672.0,5373.0,2166.0,333.0,10.0
2023,서초구,방배동,93528.0,5507.0,9838.0,11553.0,12618.0,15653.0,15151.0,11908.0,7520.0,3302.0,461.0,17.0
2024,서초구,방배동,92677.0,5124.0,9711.0,11240.0,12576.0,15122.0,15212.0,11978.0,7695.0,3492.0,512.0,15.0
2025,서초구,방배동,93145.0,5029.0,9905.0,10922.0,12621.0,15045.0,15350.0,11889.0,8116.0,3686.0,566.0,16.0
2023,서초구,서초동,105016.0,7031.0,10819.0,14553.0,16243.0,18380.0,16341.0,11194.0,7106.0,2911.0,424.0,14.0
2024,서초구,서초동,104990.0,6639.0,10752.0,14275.0,16315.0,18045.0,16593.0,11373.0,7352.0,3141.0,490.0,15.0
2025,서초구,서초동,104580.0,6285.0,10788.0,13828.0,16292.0,17813.0,16732.0,11231.0,7680.0,3378.0,533.0,20.0
2023,서초구,신원동,7867.0,607.0,656.0,771.0,1182.0,1321.0,1111.0,1149.0,722.0,292.0,55.0,1.0
2024,서초구,신원동,7781.0,570.0,688.0,700.0,1153.0,1310.0,1119.0,1124.0,761.0,299.0,56.0,1.0
2025,서초구,신원동,7620.0,526.0,677.0,699.0,1101.0,1253.0,1102.0,1081.0,799.0,326.0,54.0,2.0
2023,서초구,양재동,35294.0,1761.0,2460.0,5048.0,6733.0,5704.0,5370.0,4645.0,2510.0,935.0,126.0,2.0
2024,서초구,양재동,34799.0,1633.0,2320.0,4841.0,6770.0,5426.0,5338.0,4648.0,2696.0,1006.0,119.0,2.0
2025,서초구,양재동,34279.0,1527.0,2265.0,4528.0,6754.0,5297.0,5259.0,4605.0,2847.0,1059.0,133.0,5.0
2023,서초구,염곡동,949.0,54.0,59.0,93.0,138.0,119.0,137.0,183.0,106.0,52.0,8.0,0.0
2024,서초구,염곡동,936.0,51.0,66.0,84.0,134.0,117.0,133.0,172.0,114.0,60.0,5.0,0.0
2025,서초구,염곡동,952.0,53.0,69.0,80.0,132.0,112.0,137.0,167.0,134.0,60.0,8.0,0.0
2023,서초구,우면동,27169.0,1944.0,3394.0,2744.0,3270.0,4600.0,4235.0,3848.0,2200.0,776.0,155.0,3.0
2024,서초구,우면동,26592.0,1764.0,3195.0,2711.0,3250.0,4233.0,4234.0,3888.0,2340.0,810.0,165.0,2.0
2025,서초구,우면동,26296.0,1675.0,3021.0,2612.0,3273.0,4058.0,4250.0,3798.0,2539.0,884.0,183.0,3.0
2023,서초구,원지동,248.0,7.0,4.0,10.0,31.0,25.0,27.0,66.0,44.0,30.0,4.0,0.0
2024,서초구,원지동,247.0,9.0,5.0,13.0,29.0,26.0,23.0,64.0,46.0,29.0,3.0,0.0
2025,서초구,원지동,245.0,9.0,6.0,12.0,25.0,34.0,27.0,53.0,50.0,25.0,4.0,0.0
2023,서초구,잠원동,50082.0,3576.0,6687.0,5860.0,5794.0,9309.0,9038.0,5324.0,2962.0,1322.0,201.0,9.0
2024,서초구,잠원동,50209.0,3491.0,6585.0,5816.0,5900.0,8977.0,9288.0,5479.0,3090.0,1354.0,219.0,10.0
2025,서초구,잠원동,57886.0,4302.0,7343.0,6420.0,6993.0,10261.0,10640.0,6318.0,3741.0,1582.0,280.0,6.0
2023,성동구,도선동,4687.0,101.0,209.0,1350.0,929.0,457.0,719.0,488.0,266.0,149.0,19.0,0.0
2024,성동구,도선동,4645.0,104.0,195.0,1258.0,990.0,433.0,697.0,509.0,274.0,162.0,23.0,0.0
2025,성동구,도선동,4557.0,83.0,181.0,1181.0,1048.0,425.0,638.0,518.0,310.0,153.0,20.0,0.0
2023,성동구,마장동,21446.0,967.0,1417.0,4057.0,3156.0,2600.0,3385.0,3160.0,1706.0,888.0,109.0,1.0
2024,성동구,마장동,21221.0,923.0,1368.0,3960.0,3182.0,2498.0,3323.0,3131.0,1811.0,907.0,117.0,1.0
2025,성동구,마장동,21346.0,871.0,1317.0,3998.0,3441.0,2425.0,3209.0,3095.0,1924.0,924.0,141.0,1.0
2023,성동구,사근동,6642.0,173.0,397.0,2458.0,809.0,573.0,787.0,665.0,478.0,288.0,14.0,0.0
2024,성동구,사근동,6557.0,150.0,377.0,2432.0,807.0,569.0,763.0,669.0,473.0,295.0,22.0,0.0
2025,성동구,사근동,6553.0,135.0,403.0,2436.0,804.0,551.0,725.0,678.0,488.0,311.0,22.0,0.0
2023,성동구,상왕십리동,3590.0,433.0,271.0,367.0,645.0,723.0,536.0,382.0,142.0,80.0,9.0,2.0
2024,성동구,상왕십리동,3636.0,419.0,292.0,361.0,663.0,723.0,531.0,402.0,156.0,79.0,9.0,1.0
2025,성동구,상왕십리동,3573.0,385.0,309.0,340.0,619.0,727.0,519.0,408.0,171.0,82.0,12.0,1.0
2023,성동구,송정동,9718.0,372.0,483.0,1444.0,1549.0,1306.0,1704.0,1690.0,791.0,338.0,40.0,1.0
2024,성동구,송정동,9465.0,320.0,454.0,1362.0,1575.0,1247.0,1620.0,1682.0,827.0,337.0,41.0,0.0
2025,성동구,송정동,9158.0,297.0,428.0,1220.0,1588.0,1219.0,1504.0,1653.0,860.0,343.0,46.0,0.0
2023,성동구,옥수동,25128.0,2289.0,1600.0,2424.0,4513.0,4401.0,3739.0,3378.0,1741.0,912.0,127.0,4.0
2024,성동구,옥수동,24993.0,2230.0,1586.0,2253.0,4574.0,4405.0,3666.0,3363.0,1825.0,943.0,146.0,2.0
2025,성동구,옥수동,24789.0,2151.0,1626.0,2161.0,4518.0,4336.0,3595.0,3353.0,1934.0,952.0,160.0,3.0
2023,성동구,용답동,11781.0,280.0,536.0,2663.0,2041.0,1360.0,1815.0,1562.0,940.0,526.0,56.0,2.0
2024,성동구,용답동,11782.0,254.0,472.0,2612.0,2272.0,1292.0,1750.0,1572.0,944.0,551.0,61.0,2.0
2025,성동구,용답동,12788.0,336.0,518.0,2658.0,2867.0,1367.0,1798.0,1610.0,996.0,566.0,70.0,2.0
2023,성동구,응봉동,14868.0,977.0,1477.0,1661.0,2031.0,2591.0,2487.0,1854.0,1094.0,628.0,67.0,1.0
2024,성동구,응봉동,14644.0,900.0,1434.0,1595.0,2036.0,2483.0,2540.0,1830.0,1110.0,633.0,83.0,0.0
2025,성동구,응봉동,14351.0,894.0,1361.0,1496.0,2101.0,2382.0,2469.0,1787.0,1150.0,623.0,88.0,0.0
2023,성동구,하왕십리동,30078.0,2392.0,2052.0,3919.0,5052.0,4624.0,4935.0,4004.0,2033.0,934.0,132.0,1.0
2024,성동구,하왕십리동,29858.0,2278.0,1997.0,3702.0,5119.0,4569.0,4866.0,4080.0,2113.0,998.0,134.0,2.0
2025,성동구,하왕십리동,29594.0,2200.0,2015.0,3474.0,5182.0,4531.0,4769.0,3994.0,2252.0,1030.0,145.0,2.0
2023,성동구,행당동,41497.0,2557.0,3112.0,7190.0,6401.0,6050.0,6545.0,5066.0,2901.0,1489.0,175.0,11.0
2024,성동구,행당동,41389.0,2435.0,3133.0,6955.0,6638.0,5887.0,6523.0,5096.0,2972.0,1540.0,199.0,11.0
2025,성동구,행당동,42942.0,2562.0,3132.0,7074.0,7173.0,6032.0,6679.0,5264.0,3153.0,1626.0,241.0,6.0
2023,성동구,홍익동,3766.0,104.0,153.0,601.0,584.0,384.0,682.0,583.0,381.0,251.0,41.0,2.0
2024,성동구,홍익동,3685.0,99.0,158.0,534.0,599.0,376.0,640.0,587.0,385.0,269.0,38.0,0.0
2025,성동구,홍익동,3393.0,77.0,131.0,483.0,546.0,334.0,562.0,553.0,383.0,274.0,50.0,0.0
2023,성북구,길음동,53833.0,4953.0,6835.0,5460.0,6315.0,10726.0,8918.0,5595.0,3281.0,1543.0,203.0,4.0
2024,성북구,길음동,54703.0,4745.0,6975.0,5515.0,6327.0,10650.0,9306.0,5844.0,3449.0,1661.0,226.0,5.0
2025,성북구,길음동,54340.0,4432.0,7096.0,5316.0,6223.0,10354.0,9515.0,5671.0,3775.0,1704.0,249.0,5.0
2023,성북구,돈암동,38006.0,2309.0,3708.0,4602.0,4693.0,5697.0,6987.0,5387.0,2872.0,1514.0,232.0,5.0
2024,성북구,돈암동,37572.0,2188.0,3527.0,4496.0,4669.0,5497.0,6897.0,5473.0,3004.0,1565.0,250.0,6.0
2025,성북구,돈암동,36878.0,2074.0,3430.0,4270.0,4575.0,5305.0,6710.0,5465.0,3199.0,1554.0,289.0,7.0
2023,성북구,상월곡동,8981.0,365.0,613.0,1491.0,1197.0,1190.0,1390.0,1426.0,840.0,420.0,47.0,2.0
2024,성북구,상월곡동,8893.0,343.0,577.0,1463.0,1189.0,1175.0,1339.0,1421.0,876.0,454.0,55.0,1.0
2025,성북구,상월곡동,8743.0,333.0,560.0,1363.0,1221.0,1136.0,1305.0,1357.0,936.0,463.0,68.0,1.0
2023,성북구,석관동,33520.0,1658.0,1972.0,4557.0,4586.0,4541.0,5566.0,5533.0,3346.0,1608.0,148.0,5.0
2024,성북구,석관동,33201.0,1550.0,1928.0,4403.0,4624.0,4317.0,5517.0,5550.0,3442.0,1697.0,166.0,7.0
2025,성북구,석관동,32585.0,1427.0,1846.0,4176.0,4638.0,4157.0,5297.0,5474.0,3667.0,1714.0,184.0,5.0
2023,성북구,성북동,10096.0,418.0,649.0,1319.0,1575.0,1398.0,1784.0,1479.0,819.0,543.0,106.0,6.0
2024,성북구,성북동,10024.0,411.0,601.0,1275.0,1598.0,1351.0,1749.0,1506.0,863.0,558.0,106.0,6.0
2025,성북구,성북동,9809.0,364.0,591.0,1184.0,1601.0,1300.0,1681.0,1505.0,915.0,555.0,106.0,7.0
2023,성북구,장위동,51605.0,3442.0,3780.0,6702.0,7149.0,7702.0,8745.0,7762.0,4175.0,1938.0,206.0,4.0
2024,성북구,장위동,50916.0,3160.0,3674.0,6392.0,7087.0,7419.0,8677.0,7788.0,4430.0,2042.0,245.0,2.0
2025,성북구,장위동,56625.0,3594.0,4057.0,6791.0,8477.0,8310.0,9491.0,8429.0,5014.0,2167.0,293.0,2.0
2023,성북구,정릉동,77438.0,3866.0,5921.0,11564.0,9703.0,10806.0,12921.0,11499.0,7012.0,3687.0,454.0,5.0
2024,성북구,정릉동,75935.0,3530.0,5591.0,11390.0,9495.0,10136.0,12800.0,11505.0,7190.0,3796.0,496.0,6.0
2025,성북구,정릉동,74729.0,3235.0,5486.0,11077.0,9308.0,9707.0,12632.0,11283.0,7609.0,3822.0,558.0,12.0
2023,성북구,종암동,37492.0,2097.0,3395.0,5406.0,4550.0,5787.0,6260.0,5119.0,2921.0,1677.0,275.0,5.0
2024,성북구,종암동,36877.0,1925.0,3248.0,5216.0,4508.0,5450.0,6249.0,5223.0,3018.0,1740.0,291.0,9.0
2025,성북구,종암동,36611.0,1757.0,3140.0,5276.0,4547.0,5191.0,6132.0,5263.0,3205.0,1770.0,321.0,9.0
2023,성북구,하월곡동,38830.0,2251.0,3468.0,5318.0,4983.0,5995.0,6508.0,5374.0,3183.0,1577.0,168.0,5.0
2024,성북구,하월곡동,37942.0,2108.0,3359.0,5078.0,4920.0,5623.0,6412.0,5386.0,3203.0,1649.0,199.0,5.0
2025,성북구,하월곡동,37499.0,1910.0,3252.0,5101.0,4989.0,5357.0,6313.0,5253.0,3397.0,1705.0,215.0,7.0
2023,송파구,가락동,83360.0,6388.0,7526.0,10042.0,13767.0,13433.0,12814.0,11856.0,5405.0,1830.0,291.0,8.0
2024,송파구,가락동,82383.0,6116.0,7531.0,9461.0,13485.0,13457.0,12529.0,11850.0,5732.0,1914.0,299.0,9.0
2025,송파구,가락동,79592.0,5747.0,7382.0,8638.0,13059.0,13221.0,11913.0,11243.0,6104.0,1966.0,310.0,9.0
2023,송파구,거여동,52467.0,5056.0,4762.0,5885.0,7710.0,8594.0,8430.0,6812.0,3536.0,1456.0,218.0,8.0
2024,송파구,거여동,52332.0,4754.0,4736.0,5700.0,7585.0,8436.0,8538.0,6998.0,3791.0,1557.0,228.0,9.0
2025,송파구,거여동,52043.0,4357.0,4861.0,5389.0,7287.0,8368.0,8590.0,7070.0,4202.0,1641.0,272.0,6.0
2023,송파구,마천동,35315.0,1243.0,2403.0,4009.0,3930.0,4606.0,6568.0,6910.0,3742.0,1699.0,204.0,1.0
2024,송파구,마천동,33169.0,1078.0,2180.0,3579.0,3714.0,4079.0,6172.0,6620.0,3793.0,1742.0,209.0,3.0
2025,송파구,마천동,31891.0,970.0,2046.0,3234.0,3590.0,3766.0,5807.0,6476.0,3991.0,1766.0,244.0,1.0
2023,송파구,문정동,60882.0,3198.0,3768.0,9263.0,13033.0,9129.0,8529.0,8034.0,4085.0,1547.0,287.0,9.0
2024,송파구,문정동,63439.0,3327.0,3853.0,9267.0,14038.0,9532.0,8715.0,8243.0,4506.0,1643.0,305.0,10.0
2025,송파구,문정동,63855.0,3401.0,3903.0,8717.0,14492.0,9630.0,8614.0,8188.0,4845.0,1731.0,324.0,10.0
2023,송파구,방이동,58610.0,2896.0,5074.0,9143.0,10144.0,8915.0,8853.0,7832.0,4122.0,1381.0,241.0,9.0
2024,송파구,방이동,58174.0,2752.0,4905.0,8710.0,10448.0,8776.0,8586.0,7809.0,4421.0,1482.0,276.0,9.0
2025,송파구,방이동,58179.0,2708.0,4941.0,8168.0,10684.0,8999.0,8345.0,7660.0,4809.0,1560.0,297.0,8.0
2023,송파구,삼전동,28811.0,1083.0,1731.0,4752.0,6284.0,4595.0,4079.0,3632.0,1860.0,692.0,99.0,4.0
2024,송파구,삼전동,28434.0,966.0,1694.0,4510.0,6392.0,4380.0,4057.0,3627.0,1962.0,749.0,94.0,3.0
2025,송파구,삼전동,28156.0,890.0,1637.0,4199.0,6578.0,4297.0,4018.0,3553.0,2101.0,781.0,99.0,3.0
2023,송파구,석촌동,30556.0,1225.0,1580.0,5029.0,6743.0,4574.0,4325.0,4045.0,2119.0,809.0,105.0,2.0
2024,송파구,석촌동,30169.0,1084.0,1509.0,4754.0,6924.0,4406.0,4244.0,4045.0,2241.0,851.0,109.0,2.0
2025,송파구,석촌동,29879.0,1001.0,1463.0,4487.0,7007.0,4360.0,4205.0,3924.0,2416.0,900.0,116.0,0.0
2023,송파구,송파동,41631.0,2177.0,2894.0,6352.0,8011.0,6246.0,6034.0,5734.0,2977.0,1043.0,161.0,2.0
2024,송파구,송파동,41362.0,2034.0,2874.0,6036.0,8224.0,6104.0,5935.0,5736.0,3132.0,1103.0,182.0,2.0
2025,송파구,송파동,41881.0,2057.0,2981.0,5756.0,8458.0,6242.0,5899.0,5777.0,3373.0,1150.0,185.0,3.0
2023,송파구,신천동,37387.0,3485.0,4368.0,3600.0,4345.0,7159.0,5685.0,4914.0,2667.0,979.0,179.0,6.0
2024,송파구,신천동,37089.0,3362.0,4365.0,3542.0,4246.0,7087.0,5656.0,4807.0,2831.0,1017.0,170.0,6.0
2025,송파구,신천동,37162.0,3264.0,4501.0,3379.0,4233.0,7095.0,5701.0,4657.0,3042.0,1090.0,190.0,10.0
2023,송파구,오금동,37219.0,2265.0,2948.0,4665.0,5047.0,5307.0,6519.0,6083.0,2983.0,1152.0,243.0,7.0
2024,송파구,오금동,37706.0,2189.0,2976.0,4480.0,5265.0,5286.0,6565.0,6281.0,3213.0,1191.0,255.0,5.0
2025,송파구,오금동,36956.0,2050.0,2996.0,4189.0,5175.0,5156.0,6274.0,6120.0,3520.0,1194.0,278.0,4.0
2023,송파구,잠실동,105052.0,7316.0,12237.0,12885.0,13820.0,19340.0,16528.0,12488.0,7482.0,2568.0,375.0,13.0
2024,송파구,잠실동,104680.0,6986.0,12205.0,12590.0,13842.0,19162.0,16563.0,12279.0,7847.0,2780.0,414.0,12.0
2025,송파구,잠실동,104120.0,6770.0,12214.0,12018.0,13769.0,18991.0,16547.0,12062.0,8312.0,2931.0,494.0,12.0
2023,송파구,장지동,43095.0,4849.0,5472.0,4152.0,6058.0,8297.0,6077.0,4896.0,2321.0,804.0,162.0,7.0
2024,송파구,장지동,42601.0,4519.0,5477.0,3949.0,6030.0,8059.0,6067.0,4919.0,2546.0,874.0,157.0,4.0
2025,송파구,장지동,42022.0,4172.0,5546.0,3731.0,5912.0,7932.0,5980.0,4826.0,2825.0,906.0,185.0,7.0
2023,송파구,풍납동,35261.0,2101.0,2562.0,4596.0,5319.0,5300.0,5502.0,5560.0,2993.0,1169.0,154.0,5.0
2024,송파구,풍납동,34099.0,1945.0,2424.0,4201.0,5160.0,5022.0,5330.0,5440.0,3135.0,1269.0,169.0,4.0
2025,송파구,풍납동,33469.0,1773.0,2326.0,4062.0,5183.0,4795.0,5162.0,5307.0,3354.0,1318.0,184.0,5.0
2023,양천구,목동,144685.0,8719.0,18842.0,18024.0,17696.0,25988.0,24698.0,18098.0,8670.0,3357.0,580.0,13.0
2024,양천구,목동,143437.0,8419.0,18609.0,17174.0,17593.0,25482.0,24481.0,18276.0,9260.0,3518.0,608.0,17.0
2025,양천구,목동,141867.0,7968.0,18489.0,16159.0,17427.0,25277.0,24013.0,18109.0,10130.0,3648.0,639.0,8.0
2023,양천구,신월동,117667.0,6548.0,8812.0,13662.0,15674.0,17412.0,19454.0,20247.0,10943.0,4351.0,544.0,20.0
2024,양천구,신월동,115824.0,5944.0,8601.0,12661.0,15471.0,16750.0,19179.0,20342.0,11684.0,4569.0,609.0,14.0
2025,양천구,신월동,113842.0,5598.0,8349.0,11801.0,15077.0,16364.0,18597.0,19891.0,12730.0,4761.0,655.0,19.0
2023,양천구,신정동,171075.0,10098.0,20002.0,20684.0,19415.0,28617.0,29948.0,23716.0,12627.0,5118.0,826.0,24.0
2024,양천구,신정동,169239.0,9529.0,19556.0,19830.0,19255.0,27901.0,29524.0,23946.0,13504.0,5325.0,845.0,24.0
2025,양천구,신정동,167017.0,9006.0,19389.0,18730.0,18990.0,27281.0,28765.0,23879.0,14528.0,5524.0,891.0,34.0
2023,영등포구,당산동,8193.0,391.0,389.0,2073.0,2311.0,1035.0,759.0,706.0,357.0,156.0,15.0,1.0
2024,영등포구,당산동,8256.0,379.0,378.0,2046.0,2378.0,1020.0,793.0,699.0,376.0,167.0,18.0,2.0
2025,영등포구,당산동,8175.0,365.0,370.0,1980.0,2388.0,994.0,817.0,667.0,405.0,167.0,20.0,2.0
2023,영등포구,대림동,46725.0,1967.0,2425.0,6355.0,6761.0,5843.0,8047.0,7922.0,4856.0,2287.0,253.0,9.0
2024,영등포구,대림동,45956.0,1792.0,2297.0,5992.0,6844.0,5476.0,7824.0,7981.0,5066.0,2403.0,271.0,10.0
2025,영등포구,대림동,45142.0,1655.0,2186.0,5712.0,6853.0,5165.0,7529.0,7938.0,5322.0,2453.0,318.0,11.0
2023,영등포구,도림동,17479.0,815.0,790.0,2536.0,3241.0,2408.0,2876.0,2535.0,1474.0,720.0,83.0,1.0
2024,영등포구,도림동,17461.0,752.0,779.0,2498.0,3393.0,2303.0,2800.0,2555.0,1517.0,785.0,77.0,2.0
2025,영등포구,도림동,17443.0,683.0,773.0,2470.0,3434.0,2247.0,2749.0,2616.0,1589.0,787.0,93.0,2.0
2023,영등포구,신길동,101855.0,6230.0,6638.0,14074.0,16385.0,14653.0,15869.0,15159.0,8366.0,3972.0,494.0,15.0
2024,영등포구,신길동,100894.0,5749.0,6533.0,13570.0,16772.0,14128.0,15564.0,15214.0,8712.0,4100.0,538.0,14.0
2025,영등포구,신길동,100124.0,5327.0,6527.0,12858.0,17226.0,13844.0,15174.0,14943.0,9354.0,4254.0,603.0,14.0
2023,영등포구,양평동,0.0,0.0,0.0,0.0,0.0,0.0,0.0,0.0,0.0,0.0,0.0,0.0
2024,영등포구,양평동,0.0,0.0,0.0,0.0,0.0,0.0,0.0,0.0,0.0,0.0,0.0,0.0
2025,영등포구,양평동,,,,,,,,,,,,
2023,영등포구,양화동,0.0,0.0,0.0,0.0,0.0,0.0,0.0,0.0,0.0,0.0,0.0,0.0
2024,영등포구,양화동,0.0,0.0,0.0,0.0,0.0,0.0,0.0,0.0,0.0,0.0,0.0,0.0
2025,영등포구,양화동,,,,,,,,,,,,
2023,영등포구,여의도동,32867.0,2336.0,2917.0,3601.0,4843.0,5257.0,5180.0,4234.0,2657.0,1574.0,261.0,7.0
2024,영등포구,여의도동,33397.0,2277.0,2915.0,3558.0,5032.0,5310.0,5276.0,4373.0,2744.0,1611.0,293.0,8.0
2025,영등포구,여의도동,33562.0,2281.0,2880.0,3494.0,5053.0,5320.0,5343.0,4383.0,2838.0,1627.0,336.0,7.0
2023,영등포구,영등포동,13626.0,901.0,750.0,1788.0,2199.0,1865.0,2442.0,2099.0,1034.0,480.0,66.0,2.0
2024,영등포구,영등포동,13438.0,866.0,710.0,1638.0,2243.0,1828.0,2350.0,2116.0,1112.0,501.0,72.0,2.0
2025,영등포구,영등포동,13218.0,814.0,703.0,1534.0,2263.0,1743.0,2288.0,2110.0,1189.0,491.0,81.0,2.0
2023,용산구,갈월동,2604.0,56.0,111.0,370.0,484.0,340.0,472.0,446.0,204.0,104.0,15.0,2.0
2024,용산구,갈월동,2553.0,54.0,92.0,365.0,513.0,309.0,449.0,449.0,193.0,109.0,18.0,2.0
2025,용산구,갈월동,2856.0,76.0,84.0,469.0,746.0,289.0,419.0,441.0,208.0,104.0,18.0,2.0
2023,용산구,남영동,590.0,5.0,9.0,46.0,82.0,75.0,137.0,130.0,66.0,36.0,3.0,1.0
2024,용산구,남영동,577.0,3.0,10.0,40.0,76.0,75.0,134.0,139.0,58.0,39.0,2.0,1.0
2025,용산구,남영동,564.0,4.0,8.0,37.0,75.0,79.0,128.0,133.0,60.0,37.0,3.0,0.0
2023,용산구,도원동,5252.0,348.0,316.0,642.0,735.0,744.0,949.0,819.0,465.0,204.0,30.0,0.0
2024,용산구,도원동,5155.0,315.0,312.0,607.0,737.0,714.0,918.0,826.0,481.0,209.0,34.0,2.0
2025,용산구,도원동,5117.0,301.0,299.0,593.0,757.0,674.0,914.0,811.0,510.0,220.0,35.0,3.0
2023,용산구,동빙고동,5972.0,279.0,906.0,795.0,558.0,1326.0,973.0,589.0,303.0,224.0,19.0,0.0
2024,용산구,동빙고동,5920.0,256.0,896.0,753.0,556.0,1302.0,975.0,594.0,341.0,225.0,21.0,1.0
2025,용산구,동빙고동,5609.0,241.0,812.0,705.0,527.0,1217.0,935.0,577.0,345.0,218.0,31.0,1.0
2023,용산구,동자동,3424.0,65.0,106.0,347.0,422.0,399.0,772.0,830.0,332.0,135.0,16.0,0.0
2024,용산구,동자동,3390.0,61.0,97.0,350.0,466.0,352.0,748.0,803.0,351.0,142.0,20.0,0.0
2025,용산구,동자동,3384.0,58.0,87.0,317.0,485.0,366.0,697.0,825.0,386.0,144.0,19.0,0.0
2023,용산구,문배동,5561.0,549.0,371.0,726.0,1413.0,1059.0,690.0,467.0,211.0,63.0,12.0,0.0
2024,용산구,문배동,5666.0,522.0,394.0,723.0,1447.0,1046.0,732.0,490.0,230.0,66.0,16.0,0.0
2025,용산구,문배동,5670.0,492.0,401.0,720.0,1359.0,1072.0,811.0,468.0,256.0,72.0,19.0,0.0
2023,용산구,보광동,10939.0,263.0,532.0,1474.0,1738.0,1452.0,1963.0,1881.0,997.0,555.0,81.0,3.0
2024,용산구,보광동,6989.0,148.0,342.0,849.0,1078.0,921.0,1250.0,1288.0,700.0,354.0,58.0,1.0
2025,용산구,보광동,6537.0,146.0,321.0,720.0,1019.0,854.0,1153.0,1230.0,710.0,323.0,61.0,0.0
2023,용산구,산천동,4856.0,367.0,433.0,539.0,739.0,795.0,790.0,667.0,323.0,173.0,30.0,0.0
2024,용산구,산천동,4795.0,372.0,401.0,502.0,756.0,768.0,800.0,660.0,324.0,173.0,39.0,0.0
2025,용산구,산천동,4724.0,347.0,389.0,475.0,782.0,724.0,781.0,670.0,330.0,185.0,41.0,0.0
2023,용산구,서계동,4788.0,115.0,235.0,707.0,804.0,583.0,892.0,782.0,422.0,229.0,18.0,1.0
2024,용산구,서계동,4729.0,109.0,218.0,696.0,805.0,540.0,854.0,819.0,428.0,237.0,22.0,1.0
2025,용산구,서계동,4890.0,103.0,192.0,786.0,883.0,528.0,835.0,837.0,463.0,233.0,28.0,2.0
2023,용산구,서빙고동,5454.0,346.0,407.0,663.0,715.0,676.0,992.0,860.0,370.0,333.0,87.0,5.0
2024,용산구,서빙고동,5555.0,341.0,406.0,683.0,758.0,659.0,976.0,916.0,400.0,318.0,92.0,6.0
2025,용산구,서빙고동,5467.0,329.0,394.0,631.0,757.0,622.0,928.0,972.0,435.0,282.0,109.0,8.0
2023,용산구,신계동,2717.0,225.0,207.0,310.0,445.0,437.0,428.0,408.0,152.0,93.0,12.0,0.0
2024,용산구,신계동,2648.0,209.0,186.0,316.0,451.0,372.0,428.0,411.0,168.0,91.0,16.0,0.0
2025,용산구,신계동,2604.0,187.0,181.0,304.0,431.0,361.0,412.0,433.0,186.0,92.0,17.0,0.0
2023,용산구,신창동,2271.0,104.0,191.0,339.0,349.0,324.0,386.0,300.0,172.0,98.0,8.0,0.0
2024,용산구,신창동,2261.0,101.0,169.0,338.0,357.0,304.0,388.0,310.0,180.0,102.0,12.0,0.0
2025,용산구,신창동,2226.0,80.0,178.0,329.0,348.0,308.0,376.0,303.0,199.0,89.0,16.0,0.0
2023,용산구,용문동,6080.0,275.0,325.0,974.0,1198.0,826.0,887.0,769.0,508.0,287.0,29.0,2.0
2024,용산구,용문동,5940.0,237.0,318.0,903.0,1211.0,761.0,902.0,748.0,525.0,302.0,30.0,3.0
2025,용산구,용문동,5871.0,236.0,290.0,836.0,1256.0,756.0,862.0,758.0,542.0,308.0,24.0,3.0
2023,용산구,이촌동,32245.0,2588.0,3047.0,3344.0,4162.0,5202.0,5542.0,4235.0,2303.0,1512.0,299.0,11.0
2024,용산구,이촌동,32150.0,2462.0,2993.0,3246.0,4261.0,5113.0,5502.0,4333.0,2345.0,1562.0,324.0,9.0
2025,용산구,이촌동,32141.0,2432.0,2989.0,3155.0,4253.0,5159.0,5424.0,4344.0,2477.0,1544.0,356.0,8.0
2023,용산구,이태원동,14146.0,546.0,639.0,2037.0,2776.0,2002.0,2012.0,2045.0,1226.0,732.0,127.0,4.0
2024,용산구,이태원동,14166.0,514.0,617.0,1942.0,2824.0,2002.0,2021.0,2079.0,1260.0,770.0,133.0,4.0
2025,용산구,이태원동,13922.0,463.0,627.0,1810.0,2801.0,1973.0,1977.0,2077.0,1293.0,765.0,135.0,1.0
2023,용산구,주성동,812.0,31.0,50.0,82.0,145.0,120.0,133.0,144.0,71.0,32.0,4.0,0.0
2024,용산구,주성동,799.0,32.0,52.0,80.0,140.0,112.0,124.0,154.0,71.0,31.0,3.0,0.0
2025,용산구,주성동,778.0,24.0,54.0,75.0,132.0,108.0,129.0,152.0,78.0,22.0,4.0,0.0
2023,용산구,청암동,630.0,44.0,44.0,61.0,77.0,87.0,72.0,128.0,68.0,42.0,7.0,0.0
2024,용산구,청암동,607.0,36.0,42.0,56.0,72.0,82.0,68.0,130.0,70.0,47.0,4.0,0.0
2025,용산구,청암동,606.0,35.0,49.0,55.0,56.0,85.0,74.0,121.0,78.0,46.0,7.0,0.0
2023,용산구,한남동,17240.0,1025.0,994.0,2011.0,3136.0,2837.0,2706.0,2367.0,1360.0,700.0,103.0,1.0
2024,용산구,한남동,13545.0,874.0,873.0,1481.0,2449.0,2296.0,2119.0,1776.0,1060.0,527.0,89.0,1.0
2025,용산구,한남동,13194.0,818.0,856.0,1354.0,2370.0,2273.0,2051.0,1715.0,1111.0,556.0,89.0,1.0
2023,용산구,효창동,10619.0,749.0,676.0,1611.0,1967.0,1578.0,1713.0,1237.0,640.0,383.0,64.0,1.0
2024,용산구,효창동,10426.0,666.0,639.0,1497.0,2027.0,1509.0,1715.0,1251.0,669.0,391.0,62.0,0.0
2025,용산구,효창동,10333.0,617.0,666.0,1366.0,2095.0,1560.0,1641.0,1246.0,674.0,392.0,75.0,1.0
2023,용산구,후암동,15830.0,691.0,1099.0,2209.0,2730.0,2281.0,2568.0,2250.0,1230.0,664.0,98.0,10.0
2024,용산구,후암동,15644.0,638.0,1062.0,2073.0,2806.0,2186.0,2501.0,2307.0,1277.0,688.0,98.0,8.0
2025,용산구,후암동,15499.0,566.0,1046.0,1987.0,2847.0,2182.0,2459.0,2252.0,1352.0,701.0,100.0,7.0
2023,은평구,갈현동,41602.0,1580.0,3117.0,5963.0,5582.0,5969.0,7302.0,6385.0,3762.0,1754.0,187.0,1.0
2024,은평구,갈현동,41151.0,1334.0,3016.0,5796.0,5614.0,5613.0,7285.0,6564.0,3870.0,1844.0,212.0,3.0
2025,은평구,갈현동,40469.0,1169.0,2879.0,5422.0,5688.0,5367.0,7129.0,6534.0,4148.0,1892.0,237.0,4.0
2023,은평구,구산동,31280.0,1334.0,2480.0,4231.0,3773.0,4510.0,5599.0,5034.0,2815.0,1359.0,141.0,4.0
2024,은평구,구산동,30869.0,1131.0,2409.0,3993.0,3747.0,4250.0,5626.0,5147.0,2954.0,1439.0,170.0,3.0
2025,은평구,구산동,30473.0,1042.0,2345.0,3662.0,3823.0,4090.0,5534.0,5138.0,3170.0,1472.0,192.0,5.0
2023,은평구,녹번동,35822.0,2113.0,2099.0,4471.0,5643.0,5333.0,5729.0,5351.0,3256.0,1627.0,197.0,3.0
2024,은평구,녹번동,35289.0,1881.0,2067.0,4257.0,5517.0,5176.0,5702.0,5369.0,3402.0,1700.0,215.0,3.0
2025,은평구,녹번동,34851.0,1683.0,2021.0,4038.0,5423.0,4974.0,5640.0,5446.0,3595.0,1781.0,246.0,4.0
2023,은평구,대조동,27164.0,916.0,1425.0,5077.0,4881.0,3519.0,4041.0,3652.0,2337.0,1202.0,111.0,3.0
2024,은평구,대조동,27059.0,823.0,1329.0,4836.0,5190.0,3371.0,3992.0,3715.0,2382.0,1286.0,132.0,3.0
2025,은평구,대조동,26827.0,766.0,1279.0,4540.0,5298.0,3256.0,3941.0,3709.0,2498.0,1369.0,169.0,2.0
2023,은평구,불광동,63708.0,2617.0,3837.0,8440.0,8967.0,8584.0,10951.0,10482.0,6193.0,3272.0,359.0,6.0
2024,은평구,불광동,63420.0,2384.0,3647.0,8312.0,9169.0,8276.0,10766.0,10659.0,6369.0,3427.0,404.0,7.0
2025,은평구,불광동,60194.0,2061.0,3441.0,7606.0,8967.0,7662.0,10009.0,10250.0,6380.0,3362.0,449.0,7.0
2023,은평구,수색동,20362.0,1745.0,1462.0,2554.0,3576.0,2982.0,3537.0,2589.0,1218.0,612.0,86.0,1.0
2024,은평구,수색동,21048.0,1804.0,1427.0,2563.0,3693.0,3040.0,3616.0,2785.0,1339.0,658.0,122.0,1.0
2025,은평구,수색동,21065.0,1751.0,1429.0,2462.0,3670.0,2993.0,3642.0,2812.0,1482.0,680.0,140.0,4.0
2023,은평구,신사동,45076.0,2033.0,3141.0,6018.0,6347.0,6518.0,7578.0,7308.0,4021.0,1882.0,224.0,6.0
2024,은평구,신사동,44511.0,1840.0,3017.0,5672.0,6331.0,6252.0,7510.0,7380.0,4268.0,1986.0,246.0,9.0
2025,은평구,신사동,44272.0,1735.0,2997.0,5285.0,6457.0,6049.0,7463.0,7329.0,4610.0,2052.0,290.0,5.0
2023,은평구,역촌동,43533.0,1823.0,3047.0,5851.0,5948.0,6631.0,7468.0,6665.0,4004.0,1903.0,189.0,4.0
2024,은평구,역촌동,43684.0,1696.0,3029.0,5567.0,6100.0,6529.0,7452.0,6866.0,4217.0,2010.0,214.0,4.0
2025,은평구,역촌동,44248.0,1665.0,3082.0,5241.0,6442.0,6437.0,7511.0,6965.0,4552.0,2103.0,245.0,5.0
2023,은평구,응암동,82875.0,5696.0,6457.0,9911.0,12614.0,13955.0,12678.0,11010.0,6670.0,3476.0,399.0,9.0
2024,은평구,응암동,81966.0,5156.0,6367.0,9606.0,12354.0,13497.0,12895.0,11038.0,6987.0,3597.0,454.0,15.0
2025,은평구,응암동,81254.0,4717.0,6321.0,9223.0,12200.0,13113.0,12908.0,11107.0,7375.0,3751.0,527.0,12.0
2023,은평구,증산동,18147.0,1076.0,1325.0,2356.0,2623.0,2547.0,3064.0,2797.0,1541.0,740.0,75.0,3.0
2024,은평구,증산동,15746.0,928.0,1141.0,1955.0,2273.0,2189.0,2728.0,2368.0,1426.0,662.0,73.0,3.0
2025,은평구,증산동,15169.0,865.0,1094.0,1832.0,2155.0,2091.0,2667.0,2212.0,1503.0,661.0,85.0,4.0
2023,은평구,진관동,54101.0,3325.0,7072.0,6696.0,6072.0,9144.0,9045.0,6864.0,3784.0,1838.0,254.0,7.0
2024,은평구,진관동,53214.0,3066.0,6773.0,6549.0,6003.0,8529.0,9218.0,6882.0,4000.0,1897.0,288.0,9.0
2025,은평구,진관동,53555.0,2917.0,6664.0,6457.0,6234.0,8178.0,9460.0,6982.0,4333.0,1980.0,340.0,10.0
2023,종로구,가회동,889.0,36.0,73.0,75.0,121.0,144.0,149.0,126.0,90.0,66.0,9.0,0.0
2024,종로구,가회동,848.0,38.0,66.0,68.0,108.0,133.0,140.0,127.0,89.0,67.0,12.0,0.0
2025,종로구,가회동,818.0,31.0,60.0,59.0,111.0,120.0,133.0,121.0,106.0,64.0,13.0,0.0
2023,종로구,견지동,229.0,15.0,16.0,23.0,41.0,29.0,39.0,39.0,8.0,17.0,2.0,0.0
2024,종로구,견지동,230.0,15.0,12.0,26.0,41.0,30.0,33.0,46.0,10.0,15.0,2.0,0.0
2025,종로구,견지동,243.0,14.0,16.0,25.0,48.0,28.0,29.0,48.0,18.0,14.0,3.0,0.0
2023,종로구,경운동,246.0,2.0,4.0,44.0,51.0,42.0,34.0,36.0,22.0,11.0,0.0,0.0
2024,종로구,경운동,236.0,4.0,1.0,41.0,47.0,39.0,32.0,32.0,26.0,14.0,0.0,0.0
2025,종로구,경운동,244.0,3.0,4.0,42.0,52.0,35.0,32.0,35.0,24.0,17.0,0.0,0.0
2023,종로구,계동,1028.0,40.0,86.0,97.0,136.0,164.0,173.0,153.0,112.0,59.0,8.0,0.0
2024,종로구,계동,1022.0,46.0,89.0,88.0,132.0,161.0,169.0,158.0,108.0,60.0,10.0,1.0
2025,종로구,계동,941.0,37.0,79.0,74.0,125.0,152.0,148.0,151.0,110.0,59.0,5.0,1.0
2023,종로구,공평동,1.0,0.0,0.0,0.0,0.0,0.0,0.0,0.0,1.0,0.0,0.0,0.0
2024,종로구,공평동,1.0,0.0,0.0,0.0,0.0,0.0,0.0,0.0,1.0,0.0,0.0,0.0
2025,종로구,공평동,1.0,0.0,0.0,0.0,0.0,0.0,0.0,0.0,1.0,0.0,0.0,0.0
2023,종로구,관수동,377.0,0.0,4.0,89.0,69.0,48.0,63.0,78.0,19.0,7.0,0.0,0.0
2024,종로구,관수동,375.0,0.0,2.0,95.0,73.0,45.0,60.0,72.0,23.0,5.0,0.0,0.0
2025,종로구,관수동,349.0,0.0,4.0,79.0,88.0,35.0,39.0,73.0,22.0,9.0,0.0,0.0
2023,종로구,관철동,242.0,0.0,1.0,71.0,56.0,32.0,30.0,35.0,14.0,3.0,0.0,0.0
2024,종로구,관철동,320.0,0.0,4.0,111.0,87.0,35.0,31.0,35.0,13.0,4.0,0.0,0.0
2025,종로구,관철동,310.0,0.0,1.0,101.0,96.0,30.0,33.0,30.0,15.0,3.0,1.0,0.0
2023,종로구,관훈동,101.0,0.0,4.0,9.0,10.0,8.0,19.0,26.0,17.0,6.0,2.0,0.0
2024,종로구,관훈동,77.0,0.0,1.0,7.0,8.0,5.0,14.0,19.0,15.0,5.0,2.0,1.0
2025,종로구,관훈동,79.0,0.0,1.0,7.0,10.0,5.0,14.0,19.0,15.0,6.0,2.0,0.0
2023,종로구,교남동,544.0,56.0,59.0,58.0,69.0,97.0,113.0,53.0,23.0,12.0,4.0,0.0
2024,종로구,교남동,543.0,62.0,54.0,55.0,71.0,101.0,113.0,53.0,21.0,10.0,3.0,0.0
2025,종로구,교남동,546.0,63.0,52.0,67.0,58.0,108.0,110.0,47.0,25.0,14.0,2.0,0.0
2023,종로구,교북동,896.0,71.0,47.0,109.0,237.0,166.0,127.0,86.0,37.0,16.0,0.0,0.0
2024,종로구,교북동,931.0,87.0,54.0,88.0,256.0,163.0,137.0,82.0,45.0,17.0,2.0,0.0
2025,종로구,교북동,923.0,71.0,63.0,88.0,214.0,196.0,146.0,74.0,53.0,15.0,3.0,0.0
2023,종로구,구기동,5706.0,323.0,565.0,668.0,632.0,815.0,1019.0,901.0,457.0,282.0,42.0,2.0
2024,종로구,구기동,5639.0,310.0,540.0,636.0,623.0,759.0,1031.0,933.0,475.0,275.0,55.0,2.0
2025,종로구,구기동,5585.0,285.0,567.0,597.0,596.0,770.0,993.0,931.0,500.0,278.0,66.0,2.0
2023,종로구,궁정동,149.0,11.0,28.0,25.0,16.0,35.0,29.0,2.0,0.0,1.0,2.0,0.0
2024,종로구,궁정동,149.0,12.0,25.0,23.0,20.0,35.0,28.0,3.0,1.0,0.0,2.0,0.0
2025,종로구,궁정동,173.0,15.0,32.0,22.0,21.0,41.0,34.0,4.0,2.0,0.0,2.0,0.0
2023,종로구,권농동,130.0,5.0,4.0,3.0,13.0,24.0,22.0,20.0,21.0,17.0,1.0,0.0
2024,종로구,권농동,117.0,5.0,4.0,2.0,9.0,21.0,22.0,16.0,20.0,17.0,1.0,0.0
2025,종로구,권농동,101.0,3.0,1.0,4.0,9.0,15.0,20.0,17.0,17.0,14.0,1.0,0.0
2023,종로구,낙원동,821.0,10.0,36.0,90.0,89.0,94.0,125.0,162.0,137.0,72.0,6.0,0.0
2024,종로구,낙원동,840.0,8.0,38.0,83.0,92.0,95.0,118.0,182.0,136.0,79.0,9.0,0.0
2025,종로구,낙원동,804.0,11.0,33.0,67.0,97.0,85.0,118.0,178.0,136.0,74.0,5.0,0.0
2023,종로구,내수동,2606.0,118.0,157.0,340.0,548.0,377.0,374.0,343.0,180.0,136.0,33.0,0.0
2024,종로구,내수동,2619.0,112.0,138.0,350.0,558.0,377.0,370.0,343.0,186.0,151.0,32.0,2.0
2025,종로구,내수동,2671.0,104.0,150.0,347.0,562.0,413.0,386.0,334.0,193.0,148.0,32.0,2.0
2023,종로구,내자동,82.0,3.0,3.0,4.0,12.0,7.0,8.0,20.0,15.0,10.0,0.0,0.0
2024,종로구,내자동,75.0,2.0,2.0,4.0,7.0,6.0,7.0,19.0,18.0,10.0,0.0,0.0
2025,종로구,내자동,73.0,1.0,3.0,3.0,5.0,7.0,7.0,19.0,15.0,12.0,1.0,0.0
2023,종로구,누상동,3168.0,152.0,320.0,388.0,385.0,569.0,584.0,361.0,272.0,128.0,9.0,0.0
2024,종로구,누상동,3095.0,136.0,290.0,374.0,397.0,530.0,582.0,366.0,274.0,130.0,16.0,0.0
2025,종로구,누상동,3032.0,127.0,260.0,362.0,385.0,515.0,565.0,376.0,290.0,137.0,15.0,0.0
2023,종로구,누하동,771.0,36.0,49.0,92.0,124.0,110.0,128.0,104.0,72.0,53.0,3.0,0.0
2024,종로구,누하동,716.0,29.0,44.0,78.0,107.0,101.0,122.0,114.0,66.0,49.0,6.0,0.0
2025,종로구,누하동,682.0,25.0,51.0,73.0,98.0,97.0,106.0,108.0,71.0,45.0,7.0,1.0
2023,종로구,당주동,278.0,18.0,26.0,21.0,26.0,53.0,41.0,36.0,35.0,18.0,4.0,0.0
2024,종로구,당주동,286.0,20.0,25.0,20.0,30.0,50.0,39.0,39.0,38.0,16.0,9.0,0.0
2025,종로구,당주동,288.0,20.0,24.0,17.0,32.0,51.0,41.0,39.0,37.0,18.0,9.0,0.0
2023,종로구,도렴동,2.0,0.0,0.0,0.0,1.0,1.0,0.0,0.0,0.0,0.0,0.0,0.0
2024,종로구,도렴동,2.0,0.0,0.0,0.0,1.0,0.0,1.0,0.0,0.0,0.0,0.0,0.0
2025,종로구,도렴동,1.0,0.0,0.0,0.0,0.0,0.0,1.0,0.0,0.0,0.0,0.0,0.0
2023,종로구,돈의동,777.0,3.0,6.0,9.0,10.0,45.0,188.0,302.0,143.0,64.0,7.0,0.0
2024,종로구,돈의동,756.0,1.0,3.0,10.0,8.0,40.0,164.0,299.0,157.0,67.0,7.0,0.0
2025,종로구,돈의동,742.0,0.0,3.0,5.0,9.0,39.0,150.0,279.0,178.0,73.0,6.0,0.0
2023,종로구,동숭동,3586.0,100.0,164.0,689.0,625.0,439.0,538.0,528.0,293.0,181.0,29.0,0.0
2024,종로구,동숭동,3603.0,96.0,178.0,666.0,644.0,431.0,565.0,508.0,306.0,182.0,27.0,0.0
2025,종로구,동숭동,3569.0,92.0,170.0,608.0,628.0,445.0,535.0,533.0,338.0,191.0,29.0,0.0
2023,종로구,묘동,33.0,0.0,0.0,1.0,3.0,2.0,10.0,6.0,5.0,5.0,0.0,1.0
2024,종로구,묘동,23.0,0.0,0.0,2.0,1.0,2.0,6.0,4.0,4.0,3.0,0.0,1.0
2025,종로구,묘동,23.0,0.0,0.0,1.0,1.0,1.0,7.0,4.0,5.0,3.0,0.0,1.0
2023,종로구,무악동,7929.0,546.0,925.0,822.0,806.0,1298.0,1427.0,1081.0,601.0,373.0,46.0,4.0
2024,종로구,무악동,7811.0,498.0,919.0,792.0,809.0,1243.0,1401.0,1096.0,616.0,382.0,52.0,3.0
2025,종로구,무악동,7664.0,465.0,860.0,792.0,786.0,1219.0,1350.0,1101.0,649.0,385.0,57.0,0.0
2023,종로구,봉익동,57.0,0.0,1.0,5.0,4.0,4.0,9.0,25.0,8.0,0.0,1.0,0.0
2024,종로구,봉익동,53.0,1.0,1.0,4.0,4.0,4.0,9.0,22.0,6.0,2.0,0.0,0.0
2025,종로구,봉익동,54.0,4.0,1.0,4.0,5.0,4.0,6.0,20.0,7.0,3.0,0.0,0.0
2023,종로구,부암동,3985.0,154.0,305.0,493.0,563.0,614.0,725.0,578.0,331.0,188.0,31.0,3.0
2024,종로구,부암동,3992.0,147.0,312.0,468.0,588.0,570.0,734.0,591.0,350.0,195.0,35.0,2.0
2025,종로구,부암동,3908.0,133.0,289.0,445.0,578.0,549.0,738.0,578.0,368.0,194.0,34.0,2.0
2023,종로구,사간동,127.0,4.0,8.0,9.0,18.0,18.0,29.0,24.0,12.0,4.0,0.0,1.0
2024,종로구,사간동,123.0,3.0,6.0,13.0,15.0,17.0,27.0,24.0,12.0,6.0,0.0,0.0
2025,종로구,사간동,115.0,2.0,6.0,9.0,19.0,14.0,24.0,24.0,11.0,4.0,2.0,0.0
2023,종로구,사직동,3140.0,188.0,258.0,336.0,408.0,486.0,565.0,455.0,230.0,186.0,26.0,2.0
2024,종로구,사직동,3101.0,147.0,255.0,344.0,403.0,463.0,552.0,473.0,245.0,181.0,36.0,2.0
2025,종로구,사직동,3049.0,129.0,233.0,344.0,391.0,432.0,560.0,469.0,273.0,178.0,38.0,2.0
2023,종로구,삼청동,1231.0,54.0,98.0,138.0,171.0,179.0,175.0,191.0,131.0,82.0,12.0,0.0
2024,종로구,삼청동,1214.0,51.0,92.0,136.0,168.0,185.0,169.0,192.0,126.0,82.0,13.0,0.0
2025,종로구,삼청동,1154.0,43.0,91.0,121.0,153.0,179.0,158.0,182.0,131.0,80.0,16.0,0.0
2023,종로구,서린동,2.0,0.0,0.0,0.0,0.0,0.0,2.0,0.0,0.0,0.0,0.0,0.0
2024,종로구,서린동,2.0,0.0,0.0,0.0,0.0,0.0,2.0,0.0,0.0,0.0,0.0,0.0
2025,종로구,서린동,2.0,0.0,0.0,0.0,0.0,0.0,2.0,0.0,0.0,0.0,0.0,0.0
2023,종로구,소격동,131.0,4.0,13.0,7.0,13.0,20.0,18.0,29.0,13.0,10.0,4.0,0.0
2024,종로구,소격동,122.0,4.0,13.0,6.0,13.0,17.0,15.0,27.0,12.0,10.0,5.0,0.0
2025,종로구,소격동,115.0,0.0,14.0,6.0,12.0,14.0,16.0,24.0,14.0,10.0,5.0,0.0
2023,종로구,송월동,901.0,80.0,99.0,114.0,88.0,134.0,198.0,108.0,46.0,27.0,7.0,0.0
2024,종로구,송월동,866.0,68.0,91.0,113.0,89.0,121.0,191.0,105.0,56.0,27.0,5.0,0.0
2025,종로구,송월동,869.0,56.0,89.0,116.0,88.0,115.0,185.0,126.0,54.0,33.0,7.0,0.0
2023,종로구,송현동,0.0,0.0,0.0,0.0,0.0,0.0,0.0,0.0,0.0,0.0,0.0,0.0
2024,종로구,송현동,0.0,0.0,0.0,0.0,0.0,0.0,0.0,0.0,0.0,0.0,0.0,0.0
2025,종로구,송현동,,,,,,,,,,,,
2023,종로구,수송동,229.0,8.0,17.0,18.0,33.0,45.0,36.0,33.0,19.0,17.0,3.0,0.0
2024,종로구,수송동,247.0,4.0,21.0,18.0,42.0,45.0,41.0,30.0,25.0,17.0,4.0,0.0
2025,종로구,수송동,265.0,4.0,20.0,21.0,46.0,51.0,46.0,29.0,25.0,20.0,3.0,0.0
2023,종로구,숭인동,15418.0,395.0,623.0,3103.0,2614.0,1809.0,2593.0,2337.0,1250.0,621.0,72.0,1.0
2024,종로구,숭인동,15637.0,361.0,593.0,3157.0,2822.0,1774.0,2509.0,2400.0,1293.0,644.0,82.0,2.0
2025,종로구,숭인동,15775.0,387.0,611.0,2995.0,2997.0,1833.0,2437.0,2387.0,1403.0,631.0,93.0,1.0
2023,종로구,신교동,1334.0,48.0,154.0,186.0,151.0,254.0,228.0,166.0,84.0,54.0,9.0,0.0
2024,종로구,신교동,1280.0,45.0,148.0,168.0,156.0,231.0,231.0,150.0,81.0,60.0,10.0,0.0
2025,종로구,신교동,1260.0,43.0,144.0,165.0,152.0,213.0,227.0,150.0,87.0,68.0,11.0,0.0
2023,종로구,신영동,3413.0,178.0,380.0,379.0,410.0,546.0,629.0,467.0,245.0,152.0,27.0,0.0
2024,종로구,신영동,3371.0,171.0,342.0,380.0,401.0,529.0,610.0,496.0,262.0,149.0,31.0,0.0
2025,종로구,신영동,3345.0,159.0,337.0,378.0,390.0,518.0,597.0,504.0,277.0,148.0,36.0,1.0
2023,종로구,안국동,251.0,8.0,15.0,29.0,33.0,23.0,44.0,47.0,32.0,13.0,6.0,1.0
2024,종로구,안국동,252.0,9.0,16.0,32.0,31.0,25.0,41.0,44.0,34.0,14.0,6.0,0.0
2025,종로구,안국동,244.0,7.0,16.0,33.0,31.0,24.0,41.0,41.0,32.0,14.0,5.0,0.0
2023,종로구,연건동,1575.0,32.0,68.0,495.0,316.0,170.0,143.0,157.0,118.0,68.0,8.0,0.0
2024,종로구,연건동,1737.0,29.0,73.0,605.0,335.0,183.0,148.0,164.0,121.0,68.0,11.0,0.0
2025,종로구,연건동,1809.0,19.0,74.0,668.0,361.0,163.0,161.0,165.0,122.0,65.0,11.0,0.0
2023,종로구,연지동,869.0,11.0,21.0,369.0,196.0,77.0,73.0,58.0,41.0,18.0,5.0,0.0
2024,종로구,연지동,863.0,12.0,25.0,325.0,226.0,75.0,66.0,71.0,39.0,19.0,5.0,0.0
2025,종로구,연지동,1005.0,12.0,21.0,455.0,259.0,77.0,62.0,63.0,31.0,21.0,4.0,0.0
2023,종로구,예지동,36.0,0.0,0.0,1.0,4.0,2.0,10.0,12.0,4.0,2.0,1.0,0.0
2024,종로구,예지동,32.0,0.0,0.0,2.0,3.0,3.0,6.0,11.0,4.0,3.0,0.0,0.0
2025,종로구,예지동,28.0,0.0,0.0,1.0,3.0,3.0,5.0,8.0,6.0,2.0,0.0,0.0
2023,종로구,옥인동,1848.0,116.0,130.0,233.0,336.0,294.0,231.0,239.0,152.0,99.0,18.0,0.0
2024,종로구,옥인동,1825.0,115.0,116.0,218.0,356.0,288.0,227.0,236.0,152.0,96.0,21.0,0.0
2025,종로구,옥인동,1864.0,108.0,132.0,234.0,340.0,296.0,244.0,227.0,148.0,110.0,25.0,0.0
2023,종로구,와룡동,93.0,1.0,2.0,3.0,12.0,11.0,14.0,27.0,10.0,12.0,1.0,0.0
2024,종로구,와룡동,94.0,1.0,3.0,2.0,11.0,12.0,14.0,29.0,9.0,12.0,1.0,0.0
2025,종로구,와룡동,86.0,0.0,4.0,3.0,10.0,12.0,13.0,22.0,13.0,8.0,1.0,0.0
2023,종로구,운니동,167.0,7.0,9.0,31.0,26.0,20.0,28.0,24.0,13.0,8.0,1.0,0.0
2024,종로구,운니동,160.0,6.0,11.0,30.0,22.0,21.0,26.0,18.0,17.0,8.0,1.0,0.0
2025,종로구,운니동,153.0,3.0,11.0,28.0,21.0,20.0,21.0,20.0,21.0,7.0,1.0,0.0
2023,종로구,원남동,494.0,6.0,10.0,193.0,91.0,36.0,35.0,63.0,34.0,22.0,4.0,0.0
2024,종로구,원남동,444.0,5.0,10.0,140.0,88.0,46.0,35.0,61.0,31.0,25.0,3.0,0.0
2025,종로구,원남동,452.0,5.0,10.0,147.0,92.0,40.0,43.0,59.0,35.0,19.0,2.0,0.0
2023,종로구,원서동,1755.0,69.0,143.0,224.0,233.0,289.0,314.0,237.0,149.0,85.0,12.0,0.0
2024,종로구,원서동,1736.0,66.0,141.0,206.0,260.0,267.0,311.0,235.0,147.0,89.0,14.0,0.0
2025,종로구,원서동,1695.0,53.0,138.0,187.0,258.0,258.0,308.0,244.0,146.0,89.0,14.0,0.0
2023,종로구,이화동,1641.0,37.0,77.0,294.0,266.0,169.0,300.0,239.0,162.0,89.0,8.0,0.0
2024,종로구,이화동,1608.0,36.0,78.0,269.0,271.0,169.0,274.0,247.0,151.0,97.0,16.0,0.0
2025,종로구,이화동,1607.0,30.0,77.0,262.0,273.0,171.0,262.0,260.0,154.0,99.0,19.0,0.0
2023,종로구,익선동,940.0,29.0,26.0,155.0,182.0,149.0,154.0,126.0,80.0,36.0,3.0,0.0
2024,종로구,익선동,920.0,20.0,30.0,147.0,183.0,145.0,150.0,118.0,86.0,38.0,3.0,0.0
2025,종로구,익선동,921.0,16.0,38.0,131.0,187.0,150.0,147.0,119.0,92.0,36.0,5.0,0.0
2023,종로구,인사동,81.0,0.0,0.0,4.0,9.0,7.0,16.0,25.0,12.0,7.0,0.0,1.0
2024,종로구,인사동,73.0,0.0,0.0,2.0,10.0,7.0,14.0,23.0,10.0,7.0,0.0,0.0
2025,종로구,인사동,72.0,0.0,1.0,1.0,11.0,10.0,15.0,19.0,10.0,5.0,0.0,0.0
2023,종로구,인의동,1041.0,77.0,58.0,158.0,192.0,158.0,145.0,142.0,68.0,36.0,7.0,0.0
2024,종로구,인의동,1089.0,73.0,67.0,164.0,189.0,169.0,157.0,154.0,76.0,32.0,8.0,0.0
2025,종로구,인의동,1083.0,71.0,70.0,158.0,176.0,172.0,165.0,150.0,78.0,35.0,8.0,0.0
2023,종로구,장사동,70.0,2.0,0.0,5.0,10.0,7.0,13.0,17.0,10.0,6.0,0.0,0.0
2024,종로구,장사동,63.0,2.0,1.0,2.0,9.0,5.0,13.0,15.0,8.0,8.0,0.0,0.0
2025,종로구,장사동,72.0,2.0,1.0,1.0,6.0,7.0,16.0,18.0,13.0,8.0,0.0,0.0
2023,종로구,재동,84.0,1.0,5.0,8.0,9.0,20.0,12.0,9.0,13.0,5.0,2.0,0.0
2024,종로구,재동,75.0,1.0,3.0,9.0,7.0,16.0,12.0,4.0,14.0,7.0,2.0,0.0
2025,종로구,재동,74.0,1.0,4.0,6.0,5.0,16.0,13.0,6.0,16.0,6.0,1.0,0.0
2023,종로구,적선동,38.0,1.0,2.0,1.0,6.0,4.0,7.0,11.0,3.0,1.0,2.0,0.0
2024,종로구,적선동,35.0,0.0,2.0,0.0,6.0,3.0,5.0,11.0,4.0,2.0,2.0,0.0
2025,종로구,적선동,24.0,0.0,2.0,0.0,4.0,2.0,4.0,6.0,5.0,0.0,1.0,0.0
2023,종로구,중학동,4.0,0.0,0.0,1.0,0.0,0.0,0.0,1.0,2.0,0.0,0.0,0.0
2024,종로구,중학동,4.0,0.0,0.0,1.0,0.0,0.0,0.0,1.0,2.0,0.0,0.0,0.0
2025,종로구,중학동,4.0,0.0,0.0,1.0,0.0,0.0,0.0,1.0,1.0,1.0,0.0,0.0
2023,종로구,창성동,404.0,23.0,26.0,33.0,64.0,67.0,73.0,54.0,43.0,14.0,6.0,1.0
2024,종로구,창성동,393.0,19.0,24.0,39.0,56.0,59.0,76.0,51.0,45.0,16.0,8.0,0.0
2025,종로구,창성동,363.0,14.0,27.0,33.0,54.0,52.0,69.0,47.0,44.0,16.0,7.0,0.0
2023,종로구,창신동,18219.0,558.0,922.0,2295.0,2393.0,2092.0,3643.0,3516.0,1765.0,922.0,113.0,0.0
2024,종로구,창신동,17921.0,517.0,866.0,2193.0,2404.0,1956.0,3464.0,3633.0,1829.0,936.0,122.0,1.0
2025,종로구,창신동,17585.0,486.0,802.0,1979.0,2391.0,1899.0,3305.0,3655.0,1978.0,953.0,136.0,1.0
2023,종로구,청운동,2266.0,151.0,278.0,282.0,243.0,365.0,384.0,274.0,160.0,110.0,18.0,1.0
2024,종로구,청운동,2227.0,133.0,268.0,269.0,251.0,336.0,392.0,274.0,166.0,121.0,16.0,1.0
2025,종로구,청운동,2215.0,124.0,265.0,246.0,266.0,328.0,382.0,282.0,182.0,122.0,18.0,0.0
2023,종로구,청진동,47.0,1.0,1.0,4.0,6.0,9.0,9.0,11.0,5.0,1.0,0.0,0.0
2024,종로구,청진동,51.0,1.0,0.0,9.0,8.0,11.0,6.0,9.0,5.0,2.0,0.0,0.0
2025,종로구,청진동,54.0,1.0,0.0,7.0,11.0,7.0,9.0,11.0,6.0,2.0,0.0,0.0
2023,종로구,체부동,687.0,31.0,51.0,73.0,93.0,116.0,108.0,93.0,67.0,50.0,5.0,0.0
2024,종로구,체부동,683.0,28.0,50.0,68.0,89.0,122.0,106.0,99.0,68.0,50.0,3.0,0.0
2025,종로구,체부동,658.0,30.0,43.0,67.0,93.0,110.0,101.0,97.0,70.0,40.0,7.0,0.0
2023,종로구,충신동,2969.0,127.0,146.0,403.0,440.0,378.0,535.0,497.0,285.0,141.0,17.0,0.0
2024,종로구,충신동,2898.0,105.0,133.0,372.0,451.0,376.0,514.0,493.0,285.0,151.0,18.0,0.0
2025,종로구,충신동,2854.0,103.0,132.0,341.0,429.0,380.0,501.0,502.0,284.0,163.0,19.0,0.0
2023,종로구,통의동,319.0,18.0,20.0,41.0,67.0,39.0,42.0,49.0,24.0,17.0,1.0,1.0
2024,종로구,통의동,311.0,15.0,19.0,41.0,71.0,39.0,34.0,55.0,20.0,14.0,2.0,1.0
2025,종로구,통의동,304.0,8.0,19.0,48.0,66.0,38.0,33.0,58.0,19.0,12.0,2.0,1.0
2023,종로구,통인동,714.0,24.0,53.0,89.0,90.0,97.0,119.0,101.0,71.0,61.0,9.0,0.0
2024,종로구,통인동,677.0,22.0,51.0,77.0,86.0,89.0,111.0,106.0,66.0,60.0,9.0,0.0
2025,종로구,통인동,645.0,25.0,54.0,62.0,96.0,79.0,103.0,97.0,69.0,52.0,8.0,0.0
2023,종로구,팔판동,271.0,10.0,11.0,31.0,21.0,46.0,44.0,45.0,40.0,17.0,6.0,0.0
2024,종로구,팔판동,282.0,8.0,12.0,28.0,31.0,40.0,47.0,48.0,43.0,19.0,6.0,0.0
2025,종로구,팔판동,266.0,8.0,12.0,25.0,31.0,34.0,43.0,49.0,44.0,17.0,3.0,0.0
2023,종로구,평동,1555.0,224.0,158.0,118.0,211.0,375.0,232.0,131.0,64.0,37.0,5.0,0.0
2024,종로구,평동,1544.0,214.0,147.0,112.0,220.0,372.0,232.0,140.0,64.0,38.0,5.0,0.0
2025,종로구,평동,1527.0,194.0,157.0,107.0,214.0,364.0,250.0,128.0,73.0,35.0,5.0,0.0
2023,종로구,평창동,11387.0,671.0,958.0,1309.0,1398.0,1631.0,2058.0,1831.0,906.0,518.0,100.0,7.0
2024,종로구,평창동,11346.0,628.0,960.0,1252.0,1398.0,1613.0,2005.0,1842.0,973.0,539.0,127.0,9.0
2025,종로구,평창동,11225.0,589.0,952.0,1142.0,1376.0,1625.0,1908.0,1869.0,1029.0,578.0,151.0,6.0
2023,종로구,필운동,977.0,34.0,83.0,142.0,128.0,158.0,182.0,123.0,78.0,44.0,5.0,0.0
2024,종로구,필운동,970.0,36.0,77.0,122.0,137.0,152.0,196.0,113.0,79.0,53.0,5.0,0.0
2025,종로구,필운동,945.0,37.0,72.0,108.0,139.0,145.0,189.0,125.0,76.0,50.0,4.0,0.0
2023,종로구,행촌동,4158.0,143.0,271.0,586.0,604.0,577.0,673.0,619.0,419.0,243.0,23.0,0.0
2024,종로구,행촌동,4014.0,112.0,241.0,543.0,580.0,546.0,670.0,612.0,443.0,241.0,26.0,0.0
2025,종로구,행촌동,3964.0,95.0,228.0,527.0,603.0,522.0,680.0,595.0,457.0,225.0,32.0,0.0
2023,종로구,혜화동,3102.0,145.0,267.0,691.0,423.0,422.0,484.0,300.0,211.0,134.0,24.0,1.0
2024,종로구,혜화동,3092.0,130.0,256.0,668.0,436.0,421.0,493.0,312.0,213.0,138.0,23.0,2.0
2025,종로구,혜화동,3060.0,120.0,257.0,639.0,430.0,434.0,477.0,328.0,203.0,148.0,21.0,3.0
2023,종로구,홍지동,1558.0,49.0,125.0,220.0,185.0,204.0,252.0,267.0,156.0,85.0,15.0,0.0
2024,종로구,홍지동,1563.0,52.0,110.0,191.0,201.0,218.0,241.0,275.0,157.0,96.0,22.0,0.0
2025,종로구,홍지동,1555.0,44.0,114.0,198.0,194.0,227.0,227.0,256.0,178.0,98.0,18.0,1.0
2023,종로구,홍파동,1583.0,167.0,152.0,152.0,186.0,335.0,257.0,181.0,100.0,48.0,5.0,0.0
2024,종로구,홍파동,1561.0,171.0,147.0,145.0,191.0,308.0,266.0,182.0,100.0,44.0,7.0,0.0
2025,종로구,홍파동,1522.0,135.0,156.0,140.0,181.0,273.0,293.0,179.0,107.0,52.0,6.0,0.0
2023,종로구,화동,203.0,6.0,18.0,22.0,23.0,25.0,35.0,36.0,17.0,19.0,2.0,0.0
2024,종로구,화동,194.0,6.0,14.0,23.0,24.0,20.0,32.0,36.0,19.0,19.0,1.0,0.0
2025,종로구,화동,184.0,8.0,13.0,21.0,22.0,19.0,31.0,33.0,18.0,18.0,1.0,0.0
2023,종로구,효자동,567.0,33.0,42.0,65.0,95.0,78.0,102.0,83.0,38.0,25.0,6.0,0.0
2024,종로구,효자동,548.0,32.0,39.0,59.0,87.0,85.0,90.0,93.0,35.0,22.0,6.0,0.0
2025,종로구,효자동,533.0,27.0,37.0,62.0,87.0,80.0,86.0,98.0,29.0,20.0,7.0,0.0
2023,종로구,효제동,783.0,5.0,12.0,311.0,183.0,48.0,74.0,75.0,44.0,28.0,3.0,0.0
2024,종로구,효제동,782.0,9.0,9.0,288.0,194.0,50.0,76.0,79.0,44.0,31.0,2.0,0.0
2025,종로구,효제동,815.0,10.0,22.0,277.0,223.0,61.0,60.0,86.0,46.0,28.0,2.0,0.0
2023,종로구,훈정동,0.0,0.0,0.0,0.0,0.0,0.0,0.0,0.0,0.0,0.0,0.0,0.0
2024,종로구,훈정동,0.0,0.0,0.0,0.0,0.0,0.0,0.0,0.0,0.0,0.0,0.0,0.0
2025,종로구,훈정동,,,,,,,,,,,,
2023,중구,남창동,414.0,11.0,9.0,32.0,44.0,44.0,71.0,101.0,63.0,33.0,6.0,0.0
2024,중구,남창동,402.0,8.0,13.0,33.0,36.0,45.0,64.0,96.0,71.0,31.0,5.0,0.0
2025,중구,남창동,351.0,8.0,12.0,21.0,30.0,38.0,54.0,76.0,76.0,32.0,4.0,0.0
2023,중구,남학동,43.0,2.0,2.0,2.0,3.0,3.0,8.0,9.0,8.0,6.0,0.0,0.0
2024,중구,남학동,34.0,0.0,0.0,2.0,2.0,3.0,4.0,10.0,9.0,4.0,0.0,0.0
2025,중구,남학동,31.0,0.0,0.0,2.0,0.0,4.0,3.0,7.0,10.0,5.0,0.0,0.0
2023,중구,다동,62.0,0.0,1.0,12.0,7.0,5.0,10.0,15.0,6.0,6.0,0.0,0.0
2024,중구,다동,46.0,0.0,0.0,9.0,5.0,4.0,8.0,11.0,7.0,2.0,0.0,0.0
2025,중구,다동,42.0,0.0,0.0,10.0,2.0,4.0,7.0,10.0,8.0,1.0,0.0,0.0
2023,중구,무교동,8.0,0.0,0.0,0.0,0.0,1.0,2.0,2.0,1.0,2.0,0.0,0.0
2024,중구,무교동,8.0,0.0,0.0,0.0,0.0,0.0,3.0,2.0,1.0,2.0,0.0,0.0
2025,중구,무교동,5.0,0.0,0.0,0.0,0.0,0.0,3.0,1.0,1.0,0.0,0.0,0.0
2023,중구,무학동,213.0,7.0,4.0,49.0,39.0,21.0,30.0,30.0,23.0,9.0,1.0,0.0
2024,중구,무학동,203.0,4.0,4.0,44.0,43.0,21.0,27.0,31.0,16.0,12.0,1.0,0.0
2025,중구,무학동,206.0,6.0,3.0,42.0,40.0,23.0,35.0,28.0,21.0,8.0,0.0,0.0
2023,중구,묵정동,882.0,35.0,46.0,239.0,152.0,96.0,99.0,105.0,67.0,32.0,10.0,1.0
2024,중구,묵정동,1217.0,36.0,51.0,304.0,304.0,175.0,121.0,109.0,75.0,31.0,10.0,1.0
2025,중구,묵정동,1225.0,37.0,43.0,314.0,306.0,187.0,120.0,96.0,76.0,35.0,10.0,1.0
2023,중구,방산동,42.0,1.0,0.0,2.0,0.0,3.0,4.0,16.0,14.0,2.0,0.0,0.0
2024,중구,방산동,41.0,1.0,1.0,2.0,1.0,7.0,4.0,12.0,12.0,1.0,0.0,0.0
2025,중구,방산동,41.0,1.0,1.0,2.0,3.0,6.0,6.0,10.0,11.0,1.0,0.0,0.0
2023,중구,북창동,124.0,1.0,3.0,10.0,24.0,21.0,17.0,33.0,8.0,7.0,0.0,0.0
2024,중구,북창동,138.0,2.0,2.0,22.0,33.0,21.0,16.0,25.0,7.0,10.0,0.0,0.0
2025,중구,북창동,143.0,1.0,2.0,20.0,40.0,20.0,20.0,21.0,11.0,8.0,0.0,0.0
2023,중구,산림동,139.0,0.0,1.0,6.0,12.0,9.0,21.0,42.0,34.0,12.0,2.0,0.0
2024,중구,산림동,133.0,0.0,1.0,5.0,12.0,11.0,18.0,41.0,31.0,13.0,1.0,0.0
2025,중구,산림동,134.0,0.0,2.0,6.0,15.0,13.0,16.0,32.0,36.0,14.0,0.0,0.0
2023,중구,삼각동,2.0,0.0,0.0,0.0,0.0,0.0,0.0,1.0,1.0,0.0,0.0,0.0
2024,중구,삼각동,3.0,0.0,0.0,0.0,0.0,0.0,0.0,2.0,1.0,0.0,0.0,0.0
2025,중구,삼각동,3.0,0.0,0.0,0.0,0.0,0.0,0.0,1.0,2.0,0.0,0.0,0.0
2023,중구,서소문동,21.0,0.0,0.0,0.0,4.0,3.0,1.0,9.0,1.0,1.0,2.0,0.0
2024,중구,서소문동,22.0,0.0,1.0,0.0,4.0,5.0,1.0,7.0,1.0,1.0,2.0,0.0
2025,중구,서소문동,20.0,0.0,0.0,1.0,4.0,4.0,1.0,6.0,3.0,0.0,1.0,0.0
2023,중구,소공동,1.0,0.0,0.0,0.0,0.0,0.0,0.0,0.0,1.0,0.0,0.0,0.0
2024,중구,소공동,1.0,0.0,0.0,0.0,0.0,0.0,0.0,0.0,1.0,0.0,0.0,0.0
2025,중구,소공동,1.0,0.0,0.0,0.0,0.0,0.0,0.0,0.0,1.0,0.0,0.0,0.0
2023,중구,수표동,1.0,0.0,0.0,0.0,0.0,0.0,0.0,0.0,1.0,0.0,0.0,0.0
2024,중구,수표동,1.0,0.0,0.0,0.0,0.0,0.0,0.0,0.0,1.0,0.0,0.0,0.0
2025,중구,수표동,1.0,0.0,0.0,0.0,0.0,0.0,0.0,0.0,1.0,0.0,0.0,0.0
2023,중구,수하동,0.0,0.0,0.0,0.0,0.0,0.0,0.0,0.0,0.0,0.0,0.0,0.0
2024,중구,수하동,0.0,0.0,0.0,0.0,0.0,0.0,0.0,0.0,0.0,0.0,0.0,0.0
2025,중구,수하동,,,,,,,,,,,,
2023,중구,순화동,1197.0,103.0,81.0,107.0,247.0,315.0,173.0,103.0,43.0,22.0,3.0,0.0
2024,중구,순화동,1137.0,84.0,80.0,95.0,228.0,304.0,168.0,103.0,49.0,23.0,3.0,0.0
2025,중구,순화동,1177.0,100.0,94.0,89.0,199.0,336.0,178.0,104.0,55.0,18.0,4.0,0.0
2023,중구,신당동,66802.0,3036.0,3742.0,8706.0,10317.0,8874.0,11231.0,10704.0,6227.0,3417.0,534.0,14.0
2024,중구,신당동,65531.0,2881.0,3461.0,8116.0,10434.0,8414.0,10833.0,10870.0,6438.0,3539.0,538.0,7.0
2025,중구,신당동,63371.0,2667.0,3349.0,7332.0,10267.0,8145.0,10204.0,10568.0,6750.0,3494.0,586.0,9.0
2023,중구,쌍림동,577.0,8.0,15.0,114.0,82.0,73.0,87.0,89.0,70.0,37.0,2.0,0.0
2024,중구,쌍림동,571.0,7.0,12.0,108.0,84.0,70.0,90.0,82.0,74.0,41.0,3.0,0.0
2025,중구,쌍림동,564.0,4.0,11.0,107.0,92.0,61.0,89.0,77.0,74.0,44.0,5.0,0.0
2023,중구,예관동,19.0,1.0,0.0,0.0,1.0,0.0,7.0,6.0,2.0,2.0,0.0,0.0
2024,중구,예관동,18.0,1.0,0.0,0.0,1.0,0.0,4.0,8.0,1.0,3.0,0.0,0.0
2025,중구,예관동,17.0,0.0,0.0,0.0,2.0,0.0,3.0,8.0,1.0,3.0,0.0,0.0
2023,중구,예장동,766.0,46.0,67.0,110.0,122.0,98.0,113.0,111.0,51.0,41.0,7.0,0.0
2024,중구,예장동,759.0,31.0,75.0,104.0,124.0,92.0,122.0,104.0,54.0,43.0,10.0,0.0
2025,중구,예장동,737.0,26.0,80.0,94.0,117.0,85.0,120.0,99.0,61.0,43.0,12.0,0.0
2023,중구,오장동,707.0,4.0,13.0,296.0,179.0,54.0,59.0,52.0,39.0,9.0,2.0,0.0
2024,중구,오장동,687.0,4.0,9.0,281.0,180.0,51.0,57.0,50.0,43.0,9.0,3.0,0.0
2025,중구,오장동,677.0,3.0,7.0,254.0,211.0,49.0,48.0,50.0,39.0,13.0,3.0,0.0
2023,중구,입정동,1419.0,98.0,30.0,186.0,584.0,287.0,147.0,59.0,18.0,9.0,1.0,0.0
2024,중구,입정동,1557.0,103.0,38.0,185.0,628.0,325.0,162.0,83.0,21.0,11.0,1.0,0.0
2025,중구,입정동,1523.0,108.0,45.0,152.0,550.0,365.0,178.0,89.0,22.0,13.0,1.0,0.0
2023,중구,장교동,2.0,0.0,0.0,0.0,0.0,0.0,1.0,1.0,0.0,0.0,0.0,0.0
2024,중구,장교동,2.0,0.0,0.0,0.0,0.0,0.0,1.0,0.0,1.0,0.0,0.0,0.0
2025,중구,장교동,2.0,0.0,0.0,0.0,0.0,0.0,1.0,0.0,1.0,0.0,0.0,0.0
2023,중구,정동,517.0,28.0,28.0,76.0,106.0,104.0,73.0,54.0,29.0,16.0,3.0,0.0
2024,중구,정동,518.0,28.0,31.0,56.0,122.0,112.0,71.0,48.0,27.0,21.0,2.0,0.0
2025,중구,정동,506.0,29.0,31.0,59.0,104.0,114.0,76.0,47.0,24.0,20.0,2.0,0.0
2023,중구,주교동,257.0,0.0,1.0,18.0,25.0,20.0,38.0,78.0,51.0,22.0,4.0,0.0
2024,중구,주교동,241.0,0.0,0.0,12.0,21.0,16.0,31.0,78.0,52.0,26.0,5.0,0.0
2025,중구,주교동,235.0,0.0,0.0,10.0,18.0,11.0,31.0,72.0,61.0,28.0,4.0,0.0
2023,중구,주자동,15.0,0.0,1.0,1.0,1.0,3.0,4.0,1.0,3.0,1.0,0.0,0.0
2024,중구,주자동,20.0,0.0,0.0,3.0,1.0,4.0,4.0,3.0,4.0,0.0,1.0,0.0
2025,중구,주자동,20.0,0.0,0.0,4.0,2.0,2.0,4.0,3.0,4.0,0.0,1.0,0.0
2023,중구,중림동,6291.0,229.0,314.0,834.0,987.0,880.0,965.0,1044.0,643.0,345.0,47.0,3.0
2024,중구,중림동,6207.0,218.0,301.0,816.0,1020.0,845.0,932.0,1000.0,661.0,360.0,51.0,3.0
2025,중구,중림동,6052.0,209.0,301.0,776.0,976.0,802.0,929.0,950.0,688.0,360.0,58.0,3.0
2023,중구,초동,76.0,1.0,4.0,7.0,8.0,5.0,16.0,25.0,9.0,1.0,0.0,0.0
2024,중구,초동,65.0,1.0,2.0,8.0,11.0,4.0,9.0,18.0,11.0,1.0,0.0,0.0
2025,중구,초동,56.0,1.0,1.0,10.0,9.0,4.0,4.0,16.0,10.0,1.0,0.0,0.0
2023,중구,황학동,12581.0,650.0,455.0,2164.0,2949.0,1803.0,1660.0,1564.0,888.0,382.0,64.0,2.0
2024,중구,황학동,12996.0,592.0,439.0,2177.0,3252.0,1839.0,1692.0,1574.0,953.0,404.0,72.0,2.0
2025,중구,황학동,13014.0,560.0,468.0,2054.0,3265.0,1879.0,1635.0,1618.0,1015.0,450.0,68.0,2.0
2023,중구,흥인동,2252.0,95.0,57.0,569.0,542.0,373.0,271.0,205.0,79.0,53.0,8.0,0.0
2024,중구,흥인동,2315.0,99.0,69.0,581.0,543.0,386.0,271.0,216.0,82.0,57.0,11.0,0.0
2025,중구,흥인동,2404.0,98.0,81.0,591.0,571.0,401.0,276.0,231.0,81.0,63.0,11.0,0.0
2023,중랑구,망우동,51792.0,3104.0,2965.0,6423.0,8069.0,6976.0,8539.0,8908.0,4473.0,2024.0,302.0,9.0
2024,중랑구,망우동,53280.0,3209.0,3014.0,6151.0,8534.0,7318.0,8562.0,9189.0,4798.0,2144.0,348.0,13.0
2025,중랑구,망우동,52819.0,3017.0,3082.0,5635.0,8468.0,7273.0,8315.0,9136.0,5318.0,2202.0,365.0,8.0
2023,중랑구,면목동,133997.0,6263.0,7174.0,17381.0,20448.0,18576.0,23603.0,22442.0,12224.0,5265.0,610.0,11.0
2024,중랑구,면목동,131788.0,5689.0,6890.0,16394.0,20137.0,17795.0,22960.0,22802.0,12835.0,5613.0,661.0,12.0
2025,중랑구,면목동,129436.0,5075.0,6808.0,15102.0,20014.0,17225.0,22127.0,22823.0,13637.0,5859.0,748.0,18.0
2023,중랑구,묵동,51562.0,2521.0,3953.0,7088.0,7207.0,7633.0,8577.0,7934.0,4456.0,1976.0,214.0,3.0
2024,중랑구,묵동,51033.0,2316.0,3847.0,6742.0,7156.0,7442.0,8503.0,7951.0,4738.0,2093.0,242.0,3.0
2025,중랑구,묵동,50433.0,2148.0,3765.0,6499.0,7109.0,7110.0,8417.0,7889.0,5034.0,2164.0,296.0,2.0
2023,중랑구,상봉동,43252.0,2211.0,2408.0,7083.0,8102.0,5632.0,6750.0,6420.0,3103.0,1374.0,166.0,3.0
2024,중랑구,상봉동,43453.0,2016.0,2368.0,6976.0,8382.0,5553.0,6622.0,6557.0,3319.0,1485.0,171.0,4.0
2025,중랑구,상봉동,43832.0,1927.0,2320.0,6924.0,8677.0,5567.0,6431.0,6675.0,3553.0,1549.0,203.0,6.0
2023,중랑구,신내동,57264.0,3247.0,5274.0,6360.0,7220.0,8369.0,9457.0,9560.0,5021.0,2392.0,348.0,16.0
2024,중랑구,신내동,56276.0,2978.0,5064.0,6019.0,7300.0,7982.0,9198.0,9561.0,5324.0,2452.0,381.0,17.0
2025,중랑구,신내동,55451.0,2761.0,4964.0,5577.0,7282.0,7727.0,8967.0,9503.0,5706.0,2525.0,423.0,16.0
2023,중랑구,중화동,42287.0,1757.0,2150.0,5587.0,6528.0,5559.0,7188.0,7632.0,3894.0,1803.0,185.0,4.0
2024,중랑구,중화동,41481.0,1578.0,2048.0,5166.0,6521.0,5329.0,6927.0,7668.0,4125.0,1910.0,206.0,3.0
2025,중랑구,중화동,43111.0,1703.0,2109.0,5110.0,7071.0,5549.0,6910.0,7845.0,4579.0,1992.0,239.0,4.0
